"Id","ProfileType","Category","Attribute","ObisCode","IsValidated","AttributeIndex"
"a875b866-ddeb-4393-bfe8-ccee84ac0abc","1","1P","ActivePowerKw","1.0.1.7.0.255","1","2"
"1cb6ee25-b8af-4f62-b905-d48c6540abf1","1","1P","Ambient temperature","0.0.96.9.0.255","0","2"
"6c37c28c-b0ac-4e39-a445-b158b2a1c95d","1","1P","ApparentPowerKva","1.0.9.7.0.255","1","2"
"cd30ab62-6c84-4259-a70c-e91d9f1c9e3d","1","1P","BatteryVoltage","0.0.96.6.3.255","0","2"
"46f9e307-3327-4fa6-bdac-4160886b0e95","1","1P","Cum. MD KVA Import","1.0.9.2.0.255","0","2"
"aad2d59a-746a-4a32-8af9-84e5be39d55e","1","1P","Cum. MD KW Import","1.0.1.2.0.255","0","2"
"7ee09896-da8a-414b-ae01-0f917efaca3b","1","1P","CumulativeBillingCount","0.0.0.1.0.255","1","2"
"1f5b44ca-ec15-4015-9928-52826571421c","1","1P","CumulativeEnergyKvah","1.0.9.8.0.255","1","2"
"40428f2f-4cba-4766-ba32-501fcdf84136","1","1P","CumulativeEnergyKvahExport","1.0.10.8.0.255","1","2"
"06dffc05-50da-4fec-9cd8-532b3668db3a","1","1P","CumulativeEnergyKvarhQ1","1.0.5.8.0.255","0","2"
"59516441-c179-43d7-aeaa-84244f2c0809","1","1P","CumulativeEnergyKvarhQ1-TZ1","1.0.5.8.1.255","0","2"
"b90c6d27-36ac-4722-a7b7-5c229a2ba050","1","1P","CumulativeEnergyKvarhQ2","1.0.6.8.0.255","0","2"
"4b0838d2-67ea-488f-9483-0729dc3e6f01","1","1P","CumulativeEnergyKvarhQ3","1.0.7.8.0.255","0","2"
"e4fe9714-187a-454b-9ab5-623f0cf5bec0","1","1P","CumulativeEnergyKvarhQ4","1.0.8.8.0.255","0","2"
"42fab385-d86f-4121-8db9-29562ad77f0a","1","1P","CumulativeEnergyKwh","1.0.1.8.0.255","1","2"
"4e2ad556-9b9f-4c75-9b8d-37f9b16a3dac","1","1P","CumulativeEnergyKwhExport","1.0.2.8.0.255","1","2"
"94187358-7869-42f1-81ab-39fafc9aeec2","1","1P","CumulativePowerOffDurationInMin","0.0.94.91.8.255","0","2"
"3dbdf962-7925-40b7-802c-b172afd8e381","1","1P","CumulativeProgrammingCount","0.0.96.2.0.255","1","2"
"b7a0abf4-89bc-43b3-9830-6a6cb78e66f3","1","1P","CumulativeTamperCount","0.0.94.91.0.255","1","2"
"2ab12894-728d-4ca5-93e9-0fd1dd972d70","1","1P","Current THD","1.0.128.128.124.255","0","2"
"63d77e34-42a1-4c24-b4ea-578dcf59310a","1","1P","Defraud Kwh","1.0.181.8.0.255","0","2"
"95fa3ca6-b785-49ce-83a8-cf02d0c56d12","1","1P","EnableLRSC","0.128.96.0.22.255","0","2"
"9b07872e-73e1-444c-af3b-39a5d6d6f665","1","1P","Frequency","1.0.14.7.0.255","1","2"
"12478145-2901-4b0a-a4e2-3e2d4fb534c6","1","1P","LoadLimitFunctionStatus","0.0.96.3.10.255","1","2"
"b6bf752a-1472-4e48-8c8c-5e915285c525","1","1P","LoadLimitValueKw","0.0.17.0.0.255","1","3"
"5b099cd6-9e2a-4a22-bf1d-174479040366","1","1P","MDKvaExport","1.0.10.6.0.255","0","2"
"2b742aa3-fd90-47a8-a17a-c28e1cb52012","1","1P","MDKvaExportDateTime","1.0.10.6.0.255","0","5"
"108ff1ca-c919-46f4-a1e4-e3f25ccab6dd","1","1P","MDKwExport","1.0.2.6.0.255","0","2"
"090f852d-9915-4cb3-bc58-629987c0ab16","1","1P","MDKwExportDateTime","1.0.2.6.0.255","0","5"
"8468af8e-6e31-4892-8d2f-90241e92b2ae","1","1P","MdVa","1.0.9.6.0.255","1","2"
"8d21f46e-72fc-486d-a7c7-dbcc75ff9413","1","1P","MdVaDatetime","1.0.9.6.0.255","1","5"
"d45c4537-5e63-493d-9063-4648218c6669","1","1P","Mdw","1.0.1.6.0.255","1","2"
"9442fcc9-34ae-46ef-bb03-1080f9c6f6ea","1","1P","MdwDateTime","1.0.1.6.0.255","1","5"
"c5e54813-7a50-4fc8-82e8-ac34a702710b","1","1P","NeutralCurrent","1.0.91.7.0.255","1","2"
"8e6059d2-ce7f-4727-a4df-b0c166cc34ac","1","1P","NICCellIdentifier","0.128.96.0.13.255","0","2"
"bd01047a-39e4-4739-af33-ff10d69b49da","1","1P","NICSignalPower","0.128.96.0.4.255","0","2"
"7a418456-36bc-4f6b-87df-73f727448676","1","1P","NICSNR","0.128.96.0.11.255","0","2"
"bb57cbdc-9d67-48b4-afb8-51c059177b0d","1","1P","NVMStatus","1.0.96.6.0.255","0",""
"23f88ac3-5799-4160-a809-0002caffc9d5","1","1P","PhaseCurrent","1.0.11.7.0.255","1","2"
"373c4b6e-fd96-406c-83b4-209935773fab","1","1P","PowerFailureInAllThreePhases","0.0.96.7.0.255","1","2"
"8db05e71-064d-47b7-bea8-3fbb5e5a8a27","1","1P","PrimaryBatteryStatus","1.0.96.7.0.255","0",""
"4ff8dda8-51d5-4c05-be0a-02e1cb5a8147","1","1P","RecentBillingDate","0.0.0.1.2.255","0","2"
"2232a36c-6f05-4371-b809-e2926fce3c62","1","1P","Relay Count","0.0.96.50.1.255","0","2"
"f9bf8a9f-d9c5-45f4-9b4b-4d27162e1062","1","1P","RSRP","0.1.96.12.6.255","0","2"
"203c5187-a857-4f57-b2d9-c23dd916fbfa","1","1P","RSRQ","0.1.96.12.7.255","0","2"
"f0dd53c1-0477-4aa2-84cb-1c13c700e590","1","1P","RSSI","0.1.96.12.5.255","0","2"
"b84cd634-bd74-4e40-953f-50f5c02432c1","1","1P","RTCBatteryStatus","1.0.96.8.0.255","0",""
"d1af7873-25a8-4ab8-a773-043c5092fe78","1","1P","RtcDateTime","0.0.1.0.0.255","1","2"
"cf3872a1-e4ed-47a9-b1b5-c70f41d3eda1","1","1P","RTCStatus","1.0.96.5.0.255","0",""
"f3fb660b-7b14-431c-9cd8-b0ed284ddce3","1","1P","SingleActionScheduleForBillingDate","0.0.15.0.0.255","0",""
"9db0a769-bffd-41cc-b30d-214aa1051b03","1","1P","SNR","0.1.96.12.8.255","0","2"
"be73de38-de9d-48b5-854a-a134c30634db","1","1P","Temperature","0.0.96.9.128.255","0","2"
"3172d275-2b97-4e7b-90ab-b8f9d45b7382","1","1P","TimePeriodForLRSC","0.128.96.0.20.255","0","2"
"46b8552a-cd0f-440c-b830-63f43ebbe6a2","1","1P","TotalPowerFactor","1.0.13.7.0.255","1","2"
"de5f8b7b-6e13-450f-92a2-1a7110c5ed6e","1","1P","TotalPowerOnDuration","0.0.94.91.14.255","1","2"
"a6d21feb-4de7-4f60-af5c-5d1f24c92f37","1","1P","Voltage","1.0.12.7.0.255","1","2"
"916f631a-d878-42b1-b3d9-09912bdc0cee","1","1P","Voltage THD","1.0.12.128.124.255","0","2"
"5cdf6e12-30bd-423f-9e2d-0ffe8caa6e73","1","3P","ActivePowerKw","1.0.1.7.0.255","1","2"
"0e53dfa5-906e-42b2-a30c-00d0e75c4548","1","3P","AngleBetweenRBPhaseVoltage","1.0.81.7.20.255","0","2"
"cef985c8-8491-4c2f-a2bf-95fca887508a","1","3P","AngleBetweenRYPhaseVoltage","1.0.81.7.10.255","0","2"
"1ddef6c8-6dc1-4366-a8ac-cbfb46848992","1","3P","AngleBetweenYBPhaseVoltage","1.0.81.7.21.255","0","2"
"c5c0c016-5ab1-49de-91e3-c466287e950b","1","3P","ApparentPowerKva","1.0.9.7.0.255","1","2"
"6ec664c2-3d11-4423-a851-09d84ae9821b","1","3P","BatteryVoltage","0.0.96.6.3.255","0","2"
"d0c205f8-b7e7-46ee-bd6c-ddc41061a896","1","3P","BillingPeriodCounter","0.0.0.1.0.255","1","2"
"9c11536a-5707-4ad4-aeec-f02734c9a3d7","1","3P","BPhaseCurrent","1.0.71.7.0.255","1","2"
"396880a4-b278-4407-a3c5-1034faa7b555","1","3P","BPhasePowerFactor","1.0.73.7.0.255","1","2"
"38a31c6a-2cc7-40fc-a529-8c1c3be85e90","1","3P","BPhaseRelayStatus","0.0.96.3.135.255","0","2"
"fb8134ac-9614-4d7e-98e3-95eeb0b83b1e","1","3P","BPhaseVoltage","1.0.72.7.0.255","1","2"
"076007b0-18d7-428d-bd85-94e2d215e9e3","1","3P","CumulativeEnergyKvahExport","1.0.10.8.0.255","1","2"
"714614f7-356c-4133-82c4-cc57650a2172","1","3P","CumulativeEnergyKvahImport","1.0.9.8.0.255","1","2"
"c4431cfe-e05d-4909-9db0-e5f37c0bc9db","1","3P","CumulativeEnergyKwhExport","1.0.2.8.0.255","1","2"
"3031d482-17e2-4363-ad27-2f483474e45e","1","3P","CumulativeEnergyKwhImport","1.0.1.8.0.255","1","2"
"047062ce-bc20-42b5-8c67-9b87e56403f9","1","3P","CumulativeFundamentalKwhExport","1.0.240.8.0.255","0","2"
"c69048ce-6403-4d52-ae94-b6a8c9cf597f","1","3P","CumulativeFundamentalKwhImport","1.0.1.9.1.255","0","2"
"e7bbf031-9e0f-4636-b516-f196978c001c","1","3P","CumulativePowerOffDurationInMin","0.0.94.91.8.255","1","2"
"c0174702-9382-4d82-9bf6-234193c49c25","1","3P","CumulativePowerOnDurationInMin","0.0.94.91.14.255","0","2"
"f196d6a8-bd38-4a4e-a295-230b29855bbd","1","3P","CumulativeProgrammingCount","0.0.96.2.0.255","1","2"
"96e24fcb-309c-497a-af96-4285021d8815","1","3P","CumulativeTemperCount","0.0.94.91.0.255","1","2"
"400342ff-cca6-4c99-911f-0eeb13b61541","1","3P","EnableLRSC","0.128.96.0.22.255","0","2"
"f56dbad3-34ad-4de4-8f16-4931429b4f43","1","3P","LoadLimitFunctionStatus","0.0.96.3.10.255","1","2"
"95c8eb05-c262-42f5-857a-32a5924a7c03","1","3P","LoadLimitValueKw","0.0.17.0.0.255","1","3"
"05bd4aee-e0f7-4113-8b36-10ce80ab18e6","1","3P","MaximumDemandKva","1.0.9.6.0.255","1","2"
"1382364f-72eb-410d-937c-c6e6717bae21","1","3P","MaximumDemandKvaDateTime","1.0.9.6.0.255","1","5"
"e6ebf50d-b614-4e3d-86ef-32d08aaad4e7","1","3P","MaximumDemandKw","1.0.1.6.0.255","1","2"
"71d49488-7d72-4d6a-84cb-6bc77584a881","1","3P","MaximumDemandKwDateTime","1.0.1.6.0.255","1","5"
"851c1599-15b2-4df3-9666-b43d9e8a220f","1","3P","MDKvaExport","1.0.10.6.0.255","0","2"
"a07cc03f-a606-4ceb-97aa-ac93e337620a","1","3P","MDKvaExportDateTime","1.0.10.6.0.255","0","5"
"970f5505-565b-40b0-a974-3d6e0f4dd407","1","3P","MDKwExport","1.0.2.6.0.255","0","2"
"65b5969d-3202-4a34-8d69-67dddb81e9cf","1","3P","MDKwExportDateTime","1.0.2.6.0.255","0","5"
"d71150fe-028e-456e-a0d3-759d01d5abdc","1","3P","NeutralCurrent","1.0.91.7.0.255","0","2"
"5c2aefb0-5cc8-42db-b101-de52caad73a1","1","3P","NICCellIdentifier","0.128.96.0.13.255","0","2"
"285ec7f3-307d-46bb-a127-0864c1bba4ab","1","3P","NICSignalPower","0.128.96.0.4.255","0","2"
"b1c25383-3e13-48f6-b386-1f3d3e4df546","1","3P","NICSNR","0.128.96.0.11.255","0","2"
"8ad1c58a-0dde-46a7-9574-3346efc1cfd7","1","3P","NVMStatus","1.0.96.6.0.255","0","2"
"83d88fd8-2b61-481e-a312-3002d2565b96","1","3P","Phase Sequence Flag","0.0.96.102.0.255","0","2"
"da94c223-0223-4cf5-b4e3-8847f1ca0c93","1","3P","PhaseSequence","1.0.128.7.0.255","0","2"
"e5cef40e-d12c-4003-98ed-9e16e7e51c63","1","3P","PhaseSequenceFlag","0.0.96.102.0.2552","0","2"
"5c15f78b-f1b6-4dcf-ac04-299dede376cc","1","3P","PowerFailureInAllThreePhases","0.0.96.7.0.255","1","2"
"31837b8e-7969-4b4b-8139-0c5446fa6088","1","3P","PrimaryBatteryStatus","1.0.96.7.0.255","0","2"
"c73113d6-d492-4832-8cec-3093f62f588d","1","3P","ReactivePowerKva","1.0.3.7.0.255","1","2"
"c52f5de7-675a-457e-a2a2-74fff499d228","1","3P","RecentBillingDate","0.0.0.1.2.255","1","2"
"cebf3800-7929-4468-8bc4-07de32e135af","1","3P","Relay Status - B Phase","0.0.96.3.135.255","0","2"
"1bb020dc-f6eb-4065-9866-bfdc89836faa","1","3P","RelayStatusNeutral","0.0.96.3.136.255","0","2"
"277326be-30e2-4439-a604-5fdd047f979f","1","3P","RPhaseCurrent","1.0.31.7.0.255","1","2"
"50064eb4-ca73-4fe8-86d3-809ac9ff73f9","1","3P","RPhasePowerFactor","1.0.33.7.0.255","1","2"
"94330921-5dd2-4b0f-b660-eb339c896be5","1","3P","RPhaseRelayStatus","0.0.96.3.133.255","0","2"
"68d34d86-dca2-4b2b-8166-8b07827558da","1","3P","RPhaseVoltage","1.0.32.7.0.255","1","2"
"00ca773b-9fd6-4f6d-8143-0ede4bece73f","1","3P","RTCBatteryStatus","1.0.96.8.0.255","0","2"
"125224fd-b388-48b1-85ab-7d17cac0f6a2","1","3P","RtcDateTime","0.0.1.0.0.255","1","2"
"9b1dae9a-a6b9-4a61-a1d9-aaeb59de0bf9","1","3P","RTCStatus","1.0.96.5.0.255","0",""
"ed69918e-b128-4946-a7ff-307ca71ffe82","1","3P","SignedPowerFactor","1.0.13.7.0.255","1","2"
"bef7e300-e151-444e-92ec-5de65f373de0","1","3P","SingleActionScheduleForBillingDate","0.0.15.0.0.255","0","2"
"fbd6a587-4651-4d87-8a63-3e1e27e75631","1","3P","SumLineReactivePowerQ1","1.0.5.8.0.255","1","2"
"db50ffc8-8fcc-41fa-bdbb-90f6afa4cd1b","1","3P","SumLineReactivePowerQ2","1.0.6.8.0.255","1","2"
"e3da1257-2354-4a8c-9d08-9e30fe2f81c5","1","3P","SumLineReactivePowerQ3","1.0.7.8.0.255","1","2"
"67cd13a1-f8cc-41b4-b054-6f1c9836868d","1","3P","SumLineReactivePowerQ4","1.0.8.8.0.255","1","2"
"3354a750-ceac-4e63-9462-60435ba58402","1","3P","SupplyFrequency","1.0.14.7.0.255","1","2"
"553c537e-9946-4aba-9e5e-0d17848156b7","1","3P","Temperature","0.0.96.9.128.255","0","2"
"7e615966-50b4-462c-8aca-485311fb87e7","1","3P","TimePeriodForLRSC","0.128.96.0.20.255","0","2"
"2ac1ed29-5cfb-4d04-826b-bf50c6f37898","1","3P","YPhaseCurrent","1.0.51.7.0.255","1","2"
"409425b3-2026-4e84-8dde-cfede125c3ee","1","3P","YPhasePowerFactor","1.0.53.7.0.255","1","2"
"6aa553c8-a5b6-43d6-b403-fbc402fc23d6","1","3P","YPhaseRelayStatus","0.0.96.3.134.255","0","2"
"bf548567-5271-4ccf-a1ae-2ba64593c1c9","1","3P","YPhaseVoltage","1.0.52.7.0.255","1","2"
"edf8bc4d-48fe-462c-bbc4-53ceeba9b138","1","CT","ActivePowerKw","1.0.1.7.0.255","1","2"
"7b05466e-b349-4e64-b32a-52f4cb4033fe","1","CT","AngleBetweenRBPhaseVoltage","1.0.81.7.20.255","1","2"
"9dc08e0b-2734-4bdc-a7c0-58e8380ae6be","1","CT","AngleBetweenRYPhaseVoltage","1.0.81.7.10.255","1","2"
"cdad52ef-233d-4093-bdee-7c26f48c0963","1","CT","AngleBetweenYBPhaseVoltage","1.0.81.7.21.255","1","2"
"d911c8c5-dd42-49de-bcbf-50e5e6633005","1","CT","ApparentPowerKva","1.0.9.7.0.255","1","2"
"79187b1a-4eda-4c2c-876c-32927cce0021","1","CT","BatteryVoltage","0.0.96.6.3.255","0","2"
"dcf7d887-bb36-450f-9755-705a12e3d9d4","1","CT","BillingPeriodCounter","0.0.0.1.0.255","1","2"
"6369334c-b577-4b48-a6fc-894645fbadf6","1","CT","BPhaseCurrent","1.0.71.7.0.255","1","2"
"748129b2-831b-4a4e-9b1e-e28d298c9297","1","CT","BPhasePowerFactor","1.0.73.7.0.255","1","2"
"cf3b8b5c-1e5c-4578-9e26-a936c2545d49","1","CT","BPhaseRelayStatus","0.0.96.3.135.255","0","2"
"292923bb-8196-4771-9324-f791ff27fcb8","1","CT","BPhaseVoltage","1.0.72.7.0.255","1","2"
"719a6847-56ae-4318-aebf-465a522a2fb2","1","CT","CumulativeEnergyKvahExport","1.0.10.8.0.255","1","2"
"ea068409-6640-48f0-aef0-9aecf946c9c4","1","CT","CumulativeEnergyKvahImport","1.0.9.8.0.255","1","2"
"2d06d43c-c94b-4dd4-b9ed-8cfa2aea7e0c","1","CT","CumulativeEnergyKwhExport","1.0.2.8.0.255","1","2"
"6a4fca1e-43f9-4d0c-99d3-09adcf7a0336","1","CT","CumulativeEnergyKwhImport","1.0.1.8.0.255","1","2"
"e5071ac6-ddb3-493c-802f-fff904b462dc","1","CT","CumulativeFundamentalKwhExport","1.0.240.8.0.255","0","2"
"01106ad1-dd84-44c8-b891-83d708845445","1","CT","CumulativeFundamentalKwhImport","1.0.1.9.1.255","0","2"
"0eb8825c-8fe4-464c-9b6e-389651a1ba8b","1","CT","CumulativePowerOffDurationInMin","0.0.94.91.8.255","1","2"
"be0ea0eb-a2ff-4506-a481-ead741ffb0b6","1","CT","CumulativePowerOnDurationInMin","0.0.94.91.14.255","0","2"
"f120abc6-d509-4486-aac3-82e294c75700","1","CT","CumulativeProgrammingCount","0.0.96.2.0.255","1","2"
"acccdf74-d1ff-49c0-8ea9-612d651c7860","1","CT","CumulativeTemperCount","0.0.94.91.0.255","1","2"
"150ebdff-1606-41a5-af35-c3bd4e0e9112","1","CT","LoadLimitFunctionStatus","0.0.96.3.10.255","0","2"
"4a89b9c0-e0cc-443c-8676-f903fcd85283","1","CT","LoadLimitValueKw","0.0.17.0.0.255","0","3"
"caf685da-9de4-4c55-aa91-c0ca05f1382d","1","CT","MaximumDemandKva","1.0.9.6.0.255","1","2"
"5f732f28-363a-4234-ba29-fd7f4b99df11","1","CT","MaximumDemandKvaDateTime","1.0.9.6.0.255","1","5"
"f3fb0f60-6427-4b36-aba2-52cb8f2fcb3a","1","CT","MaximumDemandKw","1.0.1.6.0.255","1","2"
"e4113ab4-4f7c-4120-80d7-40a6cb9534ed","1","CT","MaximumDemandKwDateTime","1.0.1.6.0.255","1","5"
"d47b23fd-01b1-490c-98c2-4fdce29a3e9f","1","CT","MDKvaExport","1.0.10.6.0.255","0","2"
"e21598ea-bfc9-435f-b944-b7623025b40b","1","CT","MDKvaExportDateTime","1.0.10.6.0.255","0","5"
"f8d03448-f412-423b-adbb-3910a98888b9","1","CT","MDKwExport","1.0.2.6.0.255","0","2"
"dafb4991-20ad-4bed-b6dd-de26d9b78f62","1","CT","MDKwExportDateTime","1.0.2.6.0.255","0","5"
"f70c0c4c-0309-43ad-aebd-57592a46744a","1","CT","Meter Serial Number","0.0.96.1.0.255","0","2"
"728cb184-72da-4256-a25d-9069d4540b2f","1","CT","NeutralCurrent","1.0.91.7.0.255","0","2"
"b7ac79cd-b5b3-4839-a19b-050f42d230a6","1","CT","NICCellIdentifier","0.128.96.0.13.255","0","2"
"a2fddd85-e225-45c4-a693-449030a0fd37","1","CT","NICSignalPower","0.128.96.0.4.255","0","2"
"49d5e389-dcf9-4ac8-8ee3-c481c6746b18","1","CT","NICSNR","0.128.96.0.11.255","0","2"
"7854914c-5240-4480-b804-9bee2cac4b42","1","CT","NVMStatus","1.0.96.6.0.255","0","2"
"c62f9f20-658e-4580-913b-a716cabc6f56","1","CT","PhaseSequence","1.0.128.7.0.255","0","2"
"71b5c8ec-ade7-4061-bd52-d3df9a48a13b","1","CT","PhaseSequenceFlag","0.0.96.102.0.2552","0","2"
"08e47413-05d4-4c5d-af38-4565adea90b6","1","CT","PowerFailureInAllThreePhases","0.0.96.7.0.255","1","2"
"d52546b9-544c-47f3-9538-b32dbcf9c293","1","CT","PrimaryBatteryStatus","1.0.96.7.0.255","0","2"
"ccbede8a-5ce5-4ba8-b5b2-f673bd729031","1","CT","ReactivePowerKva","1.0.3.7.0.255","1","2"
"63be896d-c315-4aab-85f8-d4680a7686dd","1","CT","RecentBillingDate","0.0.0.1.2.255","1","2"
"c6b2eb61-4770-4ebd-9485-90a45b5334e6","1","CT","Relay Status - B Phase","0.0.96.3.135.255","0","2"
"3a7f69aa-e488-48eb-932d-1d465c5388b1","1","CT","RelayStatusNeutral","0.0.96.3.136.255","0","2"
"7c746667-d38d-4956-8e54-6ce0b4096aea","1","CT","RPhaseCurrent","1.0.31.7.0.255","1","2"
"47e1ac70-727b-4252-825a-9a6329e5e95b","1","CT","RPhasePowerFactor","1.0.33.7.0.255","1","2"
"59f8f263-7189-4f39-bef0-79536ed8d09b","1","CT","RPhaseRelayStatus","0.0.96.3.133.255","0","2"
"20b7deb4-32f6-4eda-b7de-bd3568e308eb","1","CT","RPhaseVoltage","1.0.32.7.0.255","1","2"
"fd7d63f4-4d21-4a30-bbd8-6367222c1e76","1","CT","RTCBatteryStatus","1.0.96.8.0.255","0","2"
"48921b39-66d6-45dd-af85-cdbbb871d389","1","CT","RtcDateTime","0.0.1.0.0.255","1","2"
"b595c5cc-5d69-4228-8f13-21d41dd73bbd","1","CT","RTCStatus","1.0.96.5.0.255","0","2"
"562ee385-afc3-48d5-968a-446b969a341f","1","CT","SignedPowerFactor","1.0.13.7.0.255","1","2"
"632008d5-8f2a-4f9c-bc0b-69dfd399ded2","1","CT","SingleActionScheduleForBillingDate","0.0.15.0.0.255","0","2"
"f1e5a60a-0b13-42bb-84be-8ba4875018e9","1","CT","SumLineReactivePowerQ1","1.0.5.8.0.255","1","2"
"4241dfac-02ed-4f39-8463-a28e224c1232","1","CT","SumLineReactivePowerQ2","1.0.6.8.0.255","1","2"
"f2755dc1-57c1-4bfb-bdda-e3901487f60d","1","CT","SumLineReactivePowerQ3","1.0.7.8.0.255","1","2"
"79a5b3d6-f159-4ee2-a03d-53aa989c989a","1","CT","SumLineReactivePowerQ4","1.0.8.8.0.255","1","2"
"432d9752-8c8d-4940-98ea-7e1ebe882814","1","CT","SupplyFrequency","1.0.14.7.0.255","1","2"
"6832f295-7c1d-4b80-bbd3-c668248091ae","1","CT","Temperature","0.0.96.9.128.255","0","2"
"36387526-13f8-4d95-ab39-32124006fd44","1","CT","YPhaseCurrent","1.0.51.7.0.255","1","2"
"c61e4323-20cd-4639-aca7-ae3161ef45b0","1","CT","YPhasePowerFactor","1.0.53.7.0.255","1","2"
"c19e7a01-4004-4d9d-a4b3-e53567be8840","1","CT","YPhaseRelayStatus","0.0.96.3.134.255","0","2"
"f0a97837-46e4-44f1-a1f4-a48d4b5f8eba","1","CT","YPhaseVoltage","1.0.52.7.0.255","1","2"
"bb996564-221c-405f-91aa-7f5e21985fce","2","1P","Ambient temperature","0.0.96.9.0.255","0","2"
"7aa11687-297e-4fbf-81f8-f29022a98a18","2","1P","AverageCurrent","1.0.11.27.0.255","1","2"
"d7e1c5cd-0441-4772-8321-ea1be9dcb8da","2","1P","AveragePF","1.0.0.2.1.129","0","2"
"a1d88172-f9de-446b-801b-082b78f3415c","2","1P","AverageSignalStrength","0.1.96.12.5.255","0","2"
"697b5687-74a2-4451-aba0-c2daec2ebe10","2","1P","AverageVoltage","1.0.12.27.0.255","1","2"
"c6262a55-ac65-4335-b3ca-22c462023029","2","1P","Battery voltage","0.0.96.6.3.255","0","2"
"e0f48d1c-c72b-44b3-b1a2-34249b98fb33","2","1P","CumulativeEnergyKvahExport","1.0.10.29.0.255","1","2"
"21e88429-1758-4aa1-baf2-6413439f4bb4","2","1P","CumulativeEnergyKvahImport","1.0.9.29.0.255","1","2"
"091c369f-2989-45f4-9a77-8e2806a5bd42","2","1P","CumulativeEnergyKwhExport","1.0.2.29.0.255","1","2"
"d10e97f2-f0eb-4065-a2ac-602b794e4e67","2","1P","CumulativeEnergyKwhImport","1.0.1.29.0.255","1","2"
"17aaf6da-257a-41a5-9d65-6d505b894acb","2","1P","Export Cum. kVAR Lead","1.0.6.8.0.255","0","2"
"847b7383-1ce5-40a2-b43c-b616a7b06012","2","1P","ExportPF","1.0.13.140.0.255","0",""
"c1bdb5ea-8d55-41fc-8dd7-a21503184ad7","2","1P","Frequency","1.0.14.27.0.255","0","2"
"d055c869-eab8-43e2-b5b0-1643370e0a72","2","1P","LoadOffDurationInMins","0.0.94.91.17.255","0","2"
"b6f3b256-dea4-469c-8f43-af4709065a7f","2","1P","MeterHealthIndicator","0.0.96.10.1.255","0","2"
"37c51b83-c18a-411e-a9c1-536a76712ac6","2","1P","MeterOffDurationInMins","0.0.94.91.16.255","0","2"
"f1c11373-9a43-478f-98d3-fa07b0639659","2","1P","MeterOnDurationInMins","0.0.94.91.19.255","0","2"
"dface5d6-597b-4d8c-b92e-ec2e695f507c","2","1P","NetKvah","1.0.49.29.0.255","0","2"
"9bb4b209-fd52-4cc3-8496-7ce01b437d49","2","1P","NetKwh","1.0.16.29.0.255","0","2"
"960f2fcc-cb53-48a1-8210-0291774c7328","2","1P","NeutralCurrent","1.0.91.27.0.255","1","2"
"b7668076-e439-4450-b679-88eaf6440487","2","1P","NoLoadPeriod","0.0.94.91.132.255","0",""
"5615ebaa-a9e2-436c-a76a-2453a6455b4f","2","1P","NoSupplyPeriod","0.0.94.91.133.255","0",""
"9ee9684b-ea54-4c59-9b56-f446051472ae","2","1P","RtcDateTime","0.0.1.0.0.255","1","2"
"baf4174e-c103-458d-9129-8653ddd0ff41","2","1P","Supply Frequency","1.0.14.27.0.255","0","2"
"ecd1acba-0b04-4f84-84b8-52a78113fbd4","2","3P","AverageExportPF","1.0.13.27.2.255","0","2"
"9f850349-1aa7-41c7-82f3-65ea35a559c3","2","3P","AverageImportPF","1.0.13.27.1.255","0","2"
"da11e53f-73e0-491a-9106-ebee724c37c1","2","3P","AveragePF","1.0.13.27.0.255","0","2"
"c1377d11-49db-47c9-900f-000348208924","2","3P","AverageSignalStrength","0.1.96.12.5.255","0","2"
"60ad0457-3619-4f02-81c3-0294bf3ea2a6","2","3P","BlockPowerOffDurationInMins","0.0.94.91.16.255","0","2"
"6d659a5f-285b-4da4-812a-da2f4ae040dc","2","3P","BPhaseCurrent","1.0.71.27.0.255","1","2"
"25e96da3-b29d-4f83-aa12-a14375359212","2","3P","BPhasePowerFactor","1.0.73.27.0.255","1","2"
"28747c64-422f-4c20-bc5e-2643ed3e93c0","2","3P","BPhaseVoltage","1.0.72.7.0.255","1","2"
"c8bc1514-51b0-42a9-93da-2f5838f565f7","2","3P","CumulativeEnergyKvahExport","1.0.10.29.0.255","1","2"
"a346296b-1110-431f-a566-b6c5619824e1","2","3P","CumulativeEnergyKvahImport","1.0.9.29.0.255","1","2"
"6041191f-eb75-4b02-866c-1c661985eb9b","2","3P","CumulativeEnergyKvarhQ1","1.0.5.8.0.255","0","2"
"1ef0fe02-5934-46e5-acf9-a2e9c0208b6f","2","3P","CumulativeEnergyKvarhQ2","1.0.6.8.0.255","0","2"
"d9d82bae-eaf0-4a2b-bfa7-0d87da86ea2a","2","3P","CumulativeEnergyKvarhQ3","1.0.7.8.0.255","0","2"
"3e04821d-0a42-4311-8fe8-b29597613aef","2","3P","CumulativeEnergyKvarhQ4","1.0.8.8.0.255","0","2"
"42ead576-0d09-4812-b3a2-541cbfc97c7a","2","3P","CumulativeEnergyKwhExport","1.0.2.29.0.255","1","2"
"4cd154ff-d43a-450d-a98a-3bf01ae15fec","2","3P","CumulativeEnergyKwhImport","1.0.1.29.0.255","1","2"
"350243bf-64a2-4bbe-a602-6ae1973a1246","2","3P","ExportPF","1.0.13.140.0.255","0",""
"5b2b208c-8deb-44e0-a66f-181f09f382ce","2","3P","ImportAveragePF","1.0.13.27.0.255","0","2"
"29e82e2d-3f81-484e-ab94-04a676dc7beb","2","3P","LoadOffDurationInMins","0.0.94.91.17.255","0","2"
"30117221-8807-469c-b220-cb63485aeb30","2","3P","LRSCCounter","0.128.96.0.21.255","0","2"
"5967e1dd-696e-4d23-9eff-4b513d6f3e67","2","3P","MaximumDemandKvah","1.0.9.26.0.255","0","2"
"3013a9f1-0b1d-4cea-a561-dc67384c1410","2","3P","MaximumDemandKw","1.0.1.26.0.255","0","2"
"b9bd6641-b54f-48ff-bc4f-939138b55746","2","3P","MeterHealthIndicator","0.0.96.10.1.255","0","2"
"f3b18af3-7b64-4fad-b967-72d32ca3de31","2","3P","NetEnergyKvarhLag","1.0.23.29.0.255","0","2"
"c28193c8-914b-4aaf-8df8-42230bf1ffdf","2","3P","NetEnergyKvarhLead","1.0.63.29.0.255","0","2"
"b4b9161c-3616-45c1-b44e-635078314f99","2","3P","NetKvah","1.0.49.29.0.255","0","2"
"ab09aecc-ae79-4059-a0ad-55c819af1e4f","2","3P","NetKwh","1.0.16.29.0.255","0","2"
"657c7bd5-1c4a-4438-874d-7a2f8cf60273","2","3P","NeutralCurrent","1.0.91.27.0.255","0","2"
"46eaec3f-955a-48b9-9696-9dd267f37974","2","3P","NoLoadPeriod","0.0.94.91.132.255","0",""
"3b53dabd-88d0-4977-8ed0-a0d6b1db5270","2","3P","NoSupplyPeriod","0.0.94.91.133.255","0",""
"c430593d-24b0-43d0-a9ad-1ad9790ea0ca","2","3P","RPhaseCurrent","1.0.31.27.0.255","1","2"
"8f325255-9e1e-4fac-9a55-1c7395094f1b","2","3P","RPhasePowerFactor","1.0.33.27.0.255","1","2"
"fc878480-486a-46a7-a533-6c8b1ff05972","2","3P","RPhaseVoltage","1.0.32.27.0.255","1","2"
"0dbcd1b7-b86b-4537-9a78-88bb3a49aada","2","3P","RtcDateTime","0.0.1.0.0.255","1","2"
"c3778a95-6712-44b3-8496-449688e8756d","2","3P","SignedPowerFactor","1.0.13.7.0.255","1","2"
"8da59471-9f95-44ab-8592-4d9d0755726d","2","3P","SupplyFrequency","1.0.14.27.0.255","0","2"
"a90d9f2c-54d6-4bff-8880-ad22142599da","2","3P","YPhaseCurrent","1.0.51.27.0.255","1","2"
"316663ea-80cf-4078-a131-b18c0195eca7","2","3P","YPhasePowerFactor","1.0.53.27.0.255","1","2"
"87bbdffd-95e3-437c-8850-27da9a453f24","2","3P","YPhaseVoltage","1.0.52.27.0.255","1","2"
"2915e8a3-7961-491f-84c0-2c1aef73b784","2","CT","AverageSignalStrength","0.1.96.12.5.255","0","2"
"21a28a43-5156-4afd-a6a6-5e7ed0b5240a","2","CT","BlockPowerOffDurationInMins","0.0.94.91.16.255","0","2"
"43ad6153-c8d1-4859-80b7-9255dfb4e70c","2","CT","BPhaseCurrent","1.0.71.27.0.255","1","2"
"0950f539-d0ea-4771-87b9-b178637b40c9","2","CT","BPhasePowerFactor","1.0.73.27.0.255","1","2"
"877ae478-771e-4260-b947-f618932fc70f","2","CT","BPhaseVoltage","1.0.72.27.0.255","1","2"
"0074e312-8deb-46fa-aca2-ef3eae96df7d","2","CT","CumulativeEnergyKvahExport","1.0.10.29.0.255","1","2"
"5922ab53-5937-4acb-8610-e6f21b7d92a4","2","CT","CumulativeEnergyKvahImport","1.0.9.29.0.255","1","2"
"12dfc6a9-5f47-4e7d-85d4-26c3bd3a2c96","2","CT","CumulativeEnergyKwhExport","1.0.2.29.0.255","1","2"
"7f9b4d88-f0a8-45dd-ac3b-372873042fd2","2","CT","CumulativeEnergyKwhImport","1.0.1.29.0.255","1","2"
"dadfa040-326b-4bba-ac01-9b3c56b05b94","2","CT","CumulativeKvarhQ1","1.0.5.29.0.255","1","2"
"e9020e83-426e-4403-a7d3-f2e6ccb92524","2","CT","CumulativeKvarhQ2","1.0.6.29.0.255","1","2"
"b271da3d-8c8f-4c0f-a230-805f1004aea1","2","CT","CumulativeKvarhQ3","1.0.7.29.0.255","1","2"
"53de601c-b211-4634-a604-63f43c23aaf8","2","CT","CumulativeKvarhQ4","1.0.8.29.0.255","1","2"
"a07158ca-398d-4a20-b700-295a7c0acb58","2","CT","ExportPF","1.0.13.140.0.255","0","2"
"9fae80c9-e18d-42c3-8f5d-5101cf66b626","2","CT","ImportAveragePF","1.0.13.27.0.255","0","2"
"5be5ed51-5fa0-49c1-b713-d307e0856f21","2","CT","LoadOffDurationInMins","0.0.94.91.17.255","0","2"
"7361f222-b31d-4849-ab82-bcd5be9467ff","2","CT","MaximumDemandKvah","1.0.9.26.0.255","0","2"
"f1b16d49-ba89-438b-9c14-cb09f6c3943e","2","CT","MaximumDemandKw","1.0.1.26.0.255","0","2"
"9d5b7929-d555-4f8a-9ad2-281fee4120bb","2","CT","Meter Health Indicator","0.0.96.10.1.255","0","2"
"f5d19a30-6d31-400a-91f5-7287a02362d7","2","CT","MeterHealthIndicator","0.0.96.10.1.255","0","2"
"36c2b3ab-8e9b-43ea-8831-05ff69cad328","2","CT","NetEnergyKvarhLag","1.0.23.29.0.255","0","2"
"e8df5b9f-58db-42e9-807a-c5de9c5c5a62","2","CT","NetEnergyKvarhLead","1.0.63.29.0.255","0","2"
"c4d85ae4-b9a6-4d75-82c7-691d41a0160e","2","CT","NetKvah","1.0.49.29.0.255","0","2"
"4ebc16c1-5779-421c-b7d9-944a2c70ca73","2","CT","NetKwh","1.0.16.29.0.255","0","2"
"25a3bd06-3186-4923-86e8-d64f38d2689a","2","CT","NeutralCurrent","1.0.91.27.0.255","0","2"
"8c44b969-1679-4649-be3b-8ed2d39ac8bc","2","CT","NoLoadPeriod","0.0.94.91.132.255","0","2"
"af2d8e0f-b689-4553-a474-44592ba65aac","2","CT","NoSupplyPeriod","0.0.94.91.133.255","0","2"
"5f034a8a-7114-453c-81db-6a9c3cd1cddf","2","CT","RPhaseCurrent","1.0.31.27.0.255","1","2"
"2f7e74e4-e9e6-4a02-b196-d9afa8dd6df8","2","CT","RPhasePowerFactor","1.0.33.27.0.255","1","2"
"3ed9e6a8-0fec-4f7c-865b-3598b420aec9","2","CT","RPhaseVoltage","1.0.32.27.0.255","1","2"
"31897928-7646-45ac-9e61-26d63956a660","2","CT","RtcDateTime","0.0.1.0.0.255","1","2"
"ac953db6-c407-4638-acaf-4f9663b05bcf","2","CT","SignedPowerFactor","1.0.13.7.0.255","1","2"
"b0bbcbd5-51e9-4db3-97ad-712cbb19de3c","2","CT","SupplyFrequency","1.0.14.27.0.255","0","2"
"6f6664bc-77da-438a-814a-15f010a8c158","2","CT","YPhaseCurrent","1.0.51.27.0.255","1","2"
"dbae49a1-9a66-49ba-bfd7-2de550c4372c","2","CT","YPhasePowerFactor","1.0.53.27.0.255","1","2"
"c5bd950e-e0fa-44f1-b2c0-1b308b5b9442","2","CT","YPhaseVoltage","1.0.52.27.0.255","1","2"
"4016eb7c-c0f8-4cf2-b501-42658e63aa25","3","1P","AverageVoltage","1.0.12.27.0.255","1","2"
"5ccf7c99-a909-4817-a58a-b61555bfc383","3","1P","BillingPowerOnDuration","0.0.94.91.13.255","0","2"
"a8e3ba5d-69f1-44ab-aa5c-6600349cc098","3","1P","CumulativeEnergyKvahExport","1.0.10.8.0.255","1","2"
"05c4b505-9363-4536-b021-765888557949","3","1P","CumulativeEnergyKvahImport","1.0.9.8.0.255","1","2"
"17443e2c-1d06-48f6-a704-af7506e2ecae","3","1P","CumulativeEnergyKvarhQ1","1.0.5.8.0.255","0","2"
"1138dd6e-51ac-49f7-8abd-168186da6e7f","3","1P","CumulativeEnergyKvarhQ2","1.0.6.8.0.255","0","2"
"c530020d-e2a5-48f8-9ecb-501cb042b7a2","3","1P","CumulativeEnergyKvarhQ3","1.0.7.8.0.255","0","2"
"b759f0f9-a77e-4b54-aa41-9190c4cc8c5c","3","1P","CumulativeEnergyKvarhQ4","1.0.8.8.0.255","0","2"
"71461afa-5463-4e8c-bfe9-093b6bd96fd5","3","1P","CumulativeEnergyKwhExport","1.0.2.8.0.255","1","2"
"c24dcf4d-911e-4ca4-b6bc-e7335b0ab558","3","1P","CumulativeEnergyKwhImport","1.0.1.8.0.255","1","2"
"df70a3d9-50ac-4290-b9c6-4e798f169014","3","1P","CumulativePowerOffDurationInMin","0.0.94.91.8.255","0","2"
"5c9ac2df-e174-4891-b123-4cf16dfd1667","3","1P","Frequency","1.0.14.7.0.255","1","2"
"45f8b6e7-5b32-45f8-93d3-67f79b489431","3","1P","LRSCCounter","0.128.96.0.21.255","0","2"
"d7d31c10-b25f-41ce-89ad-0cf8a4db7db0","3","1P","MaxDemandKvaDateTime","1.0.9.6.0.255","0","5"
"1e097663-1cc5-43b7-b854-e2e0ee70c574","3","1P","MaxDemandKwDateTime","1.0.1.6.0.255","0","5"
"5fba9c00-712c-4c13-a3be-cad36c88abf8","3","1P","MaximumDemandKva","1.0.9.6.0.255","0","2"
"7404e6f6-5620-48c3-bc98-9ac1e6ec56fe","3","1P","MaximumDemandKw","1.0.1.6.0.255","0","2"
"defe0d74-a7eb-4955-a94f-bfaf1f61784c","3","1P","NetKvah","1.0.49.8.0.255","0","2"
"20ee5dd2-579a-4103-9d4f-4fae5e8419f5","3","1P","NetKwh","1.0.16.8.0.255","0","2"
"0c8f40b5-8432-4ef3-84f2-f2cf4cce1f05","3","1P","NeutralCurrent","1.0.91.7.0.255","1","2"
"de0d1563-a421-4664-939e-e4bf3880e56a","3","1P","NoLoadConsumptionDurationInMins","1.0.96.50.37.255","0","2"
"8a817b11-6db8-47b4-bdfd-d04e13b12db5","3","1P","RtcDateTime","0.0.1.0.0.255","1","2"
"788449e7-bee2-4dbd-b881-568edf8ce308","3","1P","TESTING","1.1.0.0.1.1","0","2"
"5f16818a-d738-439e-956b-70a7ab9096f3","3","3P","BillingPowerOnDuration","0.0.94.91.13.255","0","2"
"e8eaa9d4-6dd5-4d29-b53e-1844d49b91d1","3","3P","BPhaseVoltage","1.0.72.7.0.255","1","2"
"ff0efa67-812c-4ca8-9cb0-2c6b146eb4e1","3","3P","CumulativeEnergyKvahExport","1.0.10.8.0.255","1","2"
"1312f89b-42ab-4ba7-88c9-8bdc5aff303a","3","3P","CumulativeEnergyKvahImport","1.0.9.8.0.255","1","2"
"0c0e3c1a-bcf6-442c-84e0-d5e4c22865ec","3","3P","CumulativeEnergyKvahTZ1","1.0.9.8.1.255","0","2"
"cc4c8ba2-ce54-43e9-94e3-7fc56a0cf08a","3","3P","CumulativeEnergyKvahTZ2","1.0.9.8.2.255","0","2"
"5f8be7b6-864c-49a5-8788-62b84f53e051","3","3P","CumulativeEnergyKvahTZ3","1.0.9.8.3.255","0","2"
"0c4eb184-2f18-4dd7-8d84-59c4c25633ef","3","3P","CumulativeEnergyKvahTZ4","1.0.9.8.4.255","0","2"
"d69bbe2f-4c48-4e8e-b353-a9d1bfa1a357","3","3P","CumulativeEnergyKvahTZ5","1.0.9.8.5.255","0","2"
"e0e12d24-dcbc-452a-a948-216d305e013a","3","3P","CumulativeEnergyKvahTZ6","1.0.9.8.6.255","0","2"
"4f68e927-e319-4d63-a7aa-ea49b8a606b2","3","3P","CumulativeEnergyKvahTZ7","1.0.9.8.7.255","0","2"
"66623d08-996a-435f-936c-c9a30f47357f","3","3P","CumulativeEnergyKvahTZ8","1.0.9.8.8.255","0","2"
"38387917-3287-4ee3-9add-36783cbc3094","3","3P","CumulativeEnergyKwhExport","1.0.2.8.0.255","1","2"
"c8ba48de-7230-40d6-b71e-d229a8769537","3","3P","CumulativeEnergyKwhImport","1.0.1.8.0.255","1","2"
"515569b0-3af6-4348-86c0-7edd17db159f","3","3P","CumulativeEnergyKwhTZ1","1.0.1.8.1.255","0","2"
"7ae70356-f814-4808-a083-9b17de772d58","3","3P","CumulativeEnergyKwhTZ2","1.0.1.8.2.255","0","2"
"dd859509-c3b7-4027-93a2-79bae2e6d50b","3","3P","CumulativeEnergyKwhTZ3","1.0.1.8.3.255","0","2"
"ef99edbf-3cf6-442f-ad84-14fb1ba0fe78","3","3P","CumulativeEnergyKwhTZ4","1.0.1.8.4.255","0","2"
"6fdb9084-3a9b-46af-a86b-3e7c03ca9d5d","3","3P","CumulativeEnergyKwhTZ5","1.0.1.8.5.255","0","2"
"0d59d788-76bf-41ed-ab2b-c80b2c5a6b2b","3","3P","CumulativeEnergyKwhTZ6","1.0.1.8.6.255","0","2"
"ea4ffdde-cff7-4cdb-92e4-4b7510a90ea3","3","3P","CumulativeEnergyKwhTZ7","1.0.1.8.7.255","0","2"
"b6cf375c-0f2a-490e-945b-397510e44705","3","3P","CumulativeEnergyKwhTZ8","1.0.1.8.8.255","0","2"
"b1a7f4c9-695d-43d8-a3a8-5fc48ed105a6","3","3P","CumulativeKvarhQ1","1.0.5.8.0.255","0","2"
"ebe28c75-1e53-4876-9e22-e4452ccbb7e4","3","3P","CumulativeKvarhQ2","1.0.6.8.0.255","0","2"
"ae1d9e35-1af9-4028-844a-b8fa64869deb","3","3P","CumulativeKvarhQ3","1.0.7.8.0.255","0","2"
"45059c23-de8b-472a-8c81-bd9161741c66","3","3P","CumulativeKvarhQ4","1.0.8.8.0.255","0","2"
"23e602e9-8c37-44c5-915d-70f5b21d135d","3","3P","CumulativePowerOffDurationInMin","0.0.96.96.0.255","0","2"
"db4998fb-0b6d-43ee-9fe3-b116609e84d3","3","3P","LoadLimitValueKw","0.0.17.0.0.255","0","2"
"645bbe9d-1e3c-4b8e-af40-d17c906f0ab7","3","3P","MaxDemandKva","1.0.9.6.0.255","1","2"
"4026c0f1-5625-4ce2-9611-2e4b4d38d4a2","3","3P","MaxDemandKvaDateTime","1.0.9.6.0.255","1","5"
"a3dbf703-22a2-48da-adcc-365888944d19","3","3P","MaxDemandKw","1.0.1.6.0.255","1","2"
"6d0f3cc4-89cf-4980-be81-47c104d1dc71","3","3P","MaxDemandKwDateTime","1.0.1.6.0.255","1","5"
"fe4c1d27-8a39-4e3f-908d-3eb6ba0957cd","3","3P","MaximumDemandKvaExport","1.0.10.6.0.255","0","2"
"ed81aabc-7106-45ab-a9a9-067e04a79b06","3","3P","MaximumDemandKvaExportDateTime","1.0.10.6.0.255","0","5"
"5517c8aa-b803-4b11-b417-15301122a95e","3","3P","MaximumDemandKvaTZ1","1.0.9.6.1.255","0","2"
"980ff6ed-2a65-4814-8397-2c7b65cdffd7","3","3P","MaximumDemandKvaTZ1DateTime","1.0.9.6.1.255","0","5"
"98933123-0b8a-4c0e-9497-db30bd5360e3","3","3P","MaximumDemandKvaTZ2","1.0.9.6.2.255","0","2"
"d2efba40-3885-433e-a190-661e3cc8e275","3","3P","MaximumDemandKvaTZ2DateTime","1.0.9.6.2.255","0","5"
"4e082b9f-3270-4b40-9b96-6a76bfd0105b","3","3P","MaximumDemandKvaTZ3","1.0.9.6.3.255","0","2"
"98483d27-80a1-4883-8d52-c174894c4736","3","3P","MaximumDemandKvaTZ3DateTime","1.0.9.6.3.255","0","5"
"d5f2e1b8-7672-450f-865e-8ee63a4a9a3f","3","3P","MaximumDemandKvaTZ4","1.0.9.6.4.255","0","2"
"8d20fe12-3ffb-4513-b51a-a990763f10bc","3","3P","MaximumDemandKvaTZ4DateTime","1.0.9.6.4.255","0","5"
"1ef822bf-49e8-4e20-944e-e409ceebb667","3","3P","MaximumDemandKvaTZ5","1.0.9.6.5.255","0","2"
"2b4cef3d-370d-4bb2-b088-53fe02fbf479","3","3P","MaximumDemandKvaTZ5DateTime","1.0.9.6.5.255","0","5"
"4208d47d-47dd-4277-80a6-9202fd2e2ef2","3","3P","MaximumDemandKvaTZ6","1.0.9.6.6.255","0","2"
"04a79e76-d6e0-4b9d-8219-a6d6d4f88fdf","3","3P","MaximumDemandKvaTZ6DateTime","1.0.9.6.6.255","0","5"
"0d68f45a-3c16-4889-b687-44907a613975","3","3P","MaximumDemandKvaTZ7","1.0.9.6.7.255","0","2"
"710b4c12-b34a-4b79-b727-ca95d9cad52e","3","3P","MaximumDemandKvaTZ7DateTime","1.0.9.6.7.255","0","5"
"e1fbac84-c8f1-4d56-b7d8-ccf7c914feff","3","3P","MaximumDemandKvaTZ8","1.0.9.6.8.255","0","2"
"f722fe19-47e6-440a-8cb0-2008852c7988","3","3P","MaximumDemandKvaTZ8DateTime","1.0.9.6.8.255","0","5"
"a8812add-32ee-4983-b012-05795e4055e1","3","3P","MaximumDemandKwExport","1.0.2.6.0.255","0","2"
"4c1177e6-8771-4fff-8aff-4bcf1498c482","3","3P","MaximumDemandKwExportDateTime","1.0.2.6.0.255","1","5"
"6c4f65af-3776-42e4-b5fb-f62a91d578a7","3","3P","MaximumDemandKwTZ1","1.0.1.6.1.255","0","2"
"294aa8ea-bc5c-45eb-b70d-f78fd8395b2e","3","3P","MaximumDemandKwTZ1DateTime","1.0.1.6.1.255","0","5"
"d30c8a1f-1aa4-42a5-8130-0ad869f9ee9a","3","3P","MaximumDemandKwTZ2","1.0.1.6.2.255","0","2"
"27ccce47-4d8a-4162-97f9-0fdb430b061d","3","3P","MaximumDemandKwTZ2DateTime","1.0.1.6.2.255","0","5"
"9a32546d-37c3-44c1-817f-cafc1321d9f0","3","3P","MaximumDemandKwTZ3","1.0.1.6.3.255","0","2"
"12e7c665-aeb7-4e65-a77b-3f7ba756efdd","3","3P","MaximumDemandKwTZ3DateTime","1.0.1.6.3.255","0","5"
"707cad65-5eb4-4168-a006-f1de2b5eeb28","3","3P","MaximumDemandKwTZ4","1.0.1.6.4.255","0","2"
"7206af50-4306-4ef4-a68f-89c6ffb6a7e0","3","3P","MaximumDemandKwTZ4DateTime","1.0.1.6.4.255","0","5"
"04f6d137-8e29-46b1-b3c0-ca210ae97416","3","3P","MaximumDemandKwTZ5","1.0.1.6.5.255","0","2"
"ed986e56-66c2-4f05-8f1c-3b3aeaff91d4","3","3P","MaximumDemandKwTZ5DateTime","1.0.1.6.5.255","0","5"
"55065a93-264b-4832-aaef-0b3cad6540fd","3","3P","MaximumDemandKwTZ6","1.0.1.6.6.255","0","2"
"7ca64f48-4554-49c5-a1f5-1f8e2a215831","3","3P","MaximumDemandKwTZ6DateTime","1.0.1.6.6.255","0","5"
"5272ec56-1d38-407a-bc00-eb34eb059f3b","3","3P","MaximumDemandKwTZ7","1.0.1.6.7.255","0","2"
"031a4a09-9e0f-46c0-935d-1eca47ee254e","3","3P","MaximumDemandKwTZ7DateTime","1.0.1.6.7.255","0","5"
"372da005-37fd-4268-9c0d-52ca469990f2","3","3P","MaximumDemandKwTZ8","1.0.1.6.8.255","0","2"
"f86f1440-5a21-46b3-821b-811ed9f0d3fa","3","3P","MaximumDemandKwTZ8DateTime","1.0.1.6.8.255","0","5"
"dd9a1e7a-0247-49e0-8243-6c168cd4fdab","3","3P","NetEnergyKvarhLag","1.0.23.8.0.255","1","2"
"3af1075a-ba5c-442a-b399-bea76778ff22","3","3P","NetEnergyKvarhLead","1.0.63.8.0.255","1","2"
"17a23228-425c-46ac-8578-bfb100b9cbb9","3","3P","NetKvah","1.0.49.8.0.255","0","2"
"e1bc444a-7f85-4188-9d17-fbcf32ee5d37","3","3P","NetKwh","1.0.16.8.0.255","0","2"
"869d05f1-9480-4117-90b5-ff2b980ecd14","3","3P","NoLoadConsumptionDurationInMins","1.0.96.50.37.255","0","2"
"8abb4f32-7d2a-4a71-acec-5c676ab3337f","3","3P","RPhaseCurrent","1.0.31.7.0.255","1","2"
"ff6d1e35-daa0-40c2-bf93-dd8ecd8da88c","3","3P","RPhasePowerFactor","1.0.33.7.0.255","1","2"
"1036a2c8-7f63-4c87-894f-004d7abffcb0","3","3P","RPhaseVoltage","1.0.32.7.0.255","1","2"
"2c288c1a-027a-4069-bb02-34c08baa9fbe","3","3P","RtcDateTime","0.0.1.0.0.255","1","2"
"6137e848-172c-4362-8c59-aec497c81b18","3","3P","SignedPowerFactor","1.0.13.7.0.255","1","2"
"9dffd20a-67bb-42d1-afa9-3f0db74ca366","3","3P","YPhaseCurrent","1.0.51.7.0.255","1","2"
"7520eaca-9bcd-48b1-8904-7bd5a574271b","3","3P","YPhasePowerFactor","1.0.53.7.0.255","1","2"
"1b876ba5-3db2-4fc3-9fc6-c9f08c5df84e","3","3P","YPhaseVoltage","1.0.52.7.0.255","1","2"
"5a06d437-0d78-437c-8c0b-7156dba58487","3","CT","BPhaseCurrent","1.0.71.7.0.255","0","2"
"0b8cc49c-8d51-4de6-b1fe-219ff0d2655a","3","CT","BPhaseVoltage","1.0.72.7.0.255","1","2"
"0a8b99c4-6110-4228-9001-1199d3ffceaa","3","CT","CumulativeEnergyKvahExport","1.0.10.8.0.255","1","2"
"04b1e7be-0efd-456d-b081-7c4cce0b7733","3","CT","CumulativeEnergyKvahImport","1.0.9.8.0.255","1","2"
"478859ac-bbca-4bff-ae70-1f6849c3f0a6","3","CT","CumulativeEnergyKvarhQ1","1.0.5.8.0.255","0","2"
"3dd31a7b-ab8a-49fe-880e-ad7226076665","3","CT","CumulativeEnergyKvarhQ2","1.0.6.8.0.255","0","2"
"cc530701-0ceb-4832-bd6f-725c46f6bf0c","3","CT","CumulativeEnergyKvarhQ3","1.0.7.8.0.255","0","2"
"489a4a82-1f3c-429c-a722-547e75fc7456","3","CT","CumulativeEnergyKvarhQ4","1.0.8.8.0.255","0","2"
"9b269570-a49a-4e9e-b394-d7837794fc07","3","CT","CumulativeEnergyKwhExport","1.0.2.8.0.255","1","2"
"deeaeaf1-033b-4120-82bf-d289fac833fa","3","CT","CumulativeEnergyKwhImport","1.0.1.8.0.255","1","2"
"d5d072a8-a97e-4aff-96ff-16103f8beccb","3","CT","CumulativePowerOffDurationInMin","0.0.96.96.0.255","0","2"
"fc0c6437-7848-47c5-bb42-f9400d242703","3","CT","MaximumDemandKva","1.0.9.6.0.255","0",""
"04793bc6-cf71-4c12-b506-c07a349725dc","3","CT","MaximumDemandKvaDateTime","1.0.9.6.0.255","0",""
"3ed03465-236a-49ca-ac17-f2208e3065e8","3","CT","MaximumDemandKw","1.0.1.6.0.255","0",""
"a642e9c1-1a6d-4570-9934-8a551daa4c2e","3","CT","MaximumDemandKwDateTime","1.0.1.6.0.255","0",""
"18d8c886-baaf-4bc5-aaa6-7d2aca15156a","3","CT","NetEnergyKvarhLag","1.0.23.8.0.255","0","2"
"6fbeb228-317f-4b39-ae54-3e685edfd586","3","CT","NetEnergyKvarhLead","1.0.63.8.0.255","0","2"
"18efd12c-0772-42ab-af09-619d14e0c56b","3","CT","NetKvah","1.0.49.8.0.255","0","2"
"c723f476-9b00-47a3-8df5-930db930220e","3","CT","NetKwh","1.0.16.8.0.255","0","2"
"c063db06-c0a3-4754-a345-24c933549122","3","CT","NoLoadConsumptionDurationInMins","1.0.96.50.37.255","0","2"
"57d6495f-def0-4934-8b21-03b15c09e1bc","3","CT","ReactiveEnergyHigh","1.0.94.91.1.255","1","2"
"2e49e751-46d0-4e6f-8b41-50a7aea3025f","3","CT","ReactiveEnergyLow","1.0.94.91.2.255","1","2"
"e26eb0a4-e330-4ff0-88ec-ca5538b54769","3","CT","RPhaseCurrent","1.0.31.7.0.255","1","2"
"29f02a95-897c-48a8-9d1b-d6a719a1e94a","3","CT","RPhasePowerFactor","1.0.33.7.0.255","1","2"
"70998b61-caa3-42ff-99f4-3b3fd55243b1","3","CT","RPhaseVoltage","1.0.32.7.0.255","1","2"
"6aff8510-a6ee-4e0d-be53-3842e6d6363e","3","CT","RtcDateTime","0.0.1.0.0.255","1","2"
"3fdbb11b-52d0-466c-ad7b-9d472398b907","3","CT","SignedPowerFactor","1.0.13.7.0.255","1","2"
"6949cf6d-1567-4923-b049-3d9806455483","3","CT","YPhaseCurrent","1.0.51.7.0.255","1","2"
"1d071f8a-1f3c-4a68-8ce4-f330f3221d8d","3","CT","YPhasePowerFactor","1.0.53.7.0.255","1","2"
"fe8e1017-06e0-424c-8a51-e8e6747067ef","3","CT","YPhaseVoltage","1.0.52.7.0.255","1","2"
"a5ed1038-bdf2-42ef-b91d-45e54bce7ea6","4","1P","AveragePFForBillingPeriod","1.0.13.0.0.255","1","2"
"2684e1bb-40c2-411e-a039-28e4fb255286","4","1P","AveragePFForBillingPeriodExport","1.0.84.6.0.255","0","2"
"abf821bc-6398-4799-8a97-6cdce1983c69","4","1P","AvgPFExport","1.0.84.0.0.255","0","2"
"46bbfc44-e80d-4b46-995a-57d1e5448d3f","4","1P","BillingPowerOnDuration","0.0.94.91.13.255","1","2"
"1792fc2f-726a-4bce-9a38-3e178b9bfb6f","4","1P","BillingType","1.0.96.50.2.255","0","2"
"208019c5-c90d-4e86-98ef-b33361eaa889","4","1P","BillTamperCount","0.0.96.15.128.255","0","2"
"f9f3aa86-9712-4cac-861f-501c260f9d6f","4","1P","CauseOfBillingOfMDReset","1.0.96.128.19.255","0",""
"b327ec88-b5ec-4f1f-8cd3-00504f1b62c0","4","1P","CumulativeBillingCount","0.0.0.1.0.255","0","2"
"7f77db3a-b27e-4e29-bc88-261f5fe42332","4","1P","CumulativeEnergyKvahExport","1.0.10.8.0.255","1","2"
"9e732997-e2b5-445a-b47c-5e2364829a85","4","1P","CumulativeEnergyKvahImport","1.0.9.8.0.255","1","2"
"7a2d823a-ca74-4f4f-945c-ffb28847269b","4","1P","CumulativeEnergyKvahTZ1","1.0.9.8.1.255","1","2"
"0f61bf68-9d74-4238-a9a1-6b1a5cd3f39a","4","1P","CumulativeEnergyKvahTZ1Export","1.0.10.8.1.255","1","2"
"56e6e3bc-ef78-44c4-a41c-af89796d9046","4","1P","CumulativeEnergyKvahTZ2","1.0.9.8.2.255","1","2"
"99c847ef-ebe5-4a9d-9ab6-93df3ab1ab3c","4","1P","CumulativeEnergyKvahTZ2Export","1.0.10.8.2.255","1","2"
"feaf8307-260e-4698-8593-181dd943187d","4","1P","CumulativeEnergyKvahTZ3","1.0.9.8.3.255","1","2"
"3d7e60c9-e8a5-4e12-a08a-4d038647d49d","4","1P","CumulativeEnergyKvahTZ3Export","1.0.10.8.3.255","1","2"
"32f367b7-47a7-40fb-908d-55c0320e4854","4","1P","CumulativeEnergyKvahTZ4","1.0.9.8.4.255","1","2"
"6e995582-9aea-41b5-88ff-c43d766e94ac","4","1P","CumulativeEnergyKvahTZ4Export","1.0.10.8.4.255","1","2"
"0ba493da-1817-44b8-8eb2-e23f8aca424b","4","1P","CumulativeEnergyKvahTZ5","1.0.9.8.5.255","1","2"
"c48bed83-e947-40bd-a819-0a20e18732eb","4","1P","CumulativeEnergyKvahTZ5Export","1.0.10.8.5.255","1","2"
"6813527b-70a9-448d-b2e1-0423ab47017d","4","1P","CumulativeEnergyKvahTZ6","1.0.9.8.6.255","1","2"
"7cc36bfe-d28c-482c-baf3-b65cb9ac498a","4","1P","CumulativeEnergyKvahTZ6Export","1.0.10.8.6.255","1","2"
"4b6c5eb8-2673-4371-a440-03a26c695355","4","1P","CumulativeEnergyKvahTZ7","1.0.9.8.7.255","1","2"
"11e1af4c-5e1b-4220-9257-ec03e691fd9a","4","1P","CumulativeEnergyKvahTZ7Export","1.0.10.8.7.255","1","2"
"98747bcd-d9cc-48ad-b34b-b346d5cb4491","4","1P","CumulativeEnergyKvahTZ8","1.0.9.8.8.255","1","2"
"fccb4c59-f8e6-4b2b-888c-dca8b941be7a","4","1P","CumulativeEnergyKvahTZ8Export","1.0.10.8.8.255","1","2"
"7cae73d5-0b53-4d13-b2d6-bce7e99e0bb8","4","1P","CumulativeEnergyKvarhQ1","1.0.5.8.0.255","0","2"
"ce40ae20-04fe-49de-902b-18471c5dbd05","4","1P","CumulativeEnergyKvarhQ1-TZ1","1.0.5.8.1.255","0","2"
"a06b29c6-3c37-40ac-9e70-f74f74516a3e","4","1P","CumulativeEnergyKvarhQ1-TZ2","1.0.5.8.2.255","0","2"
"3c4ad247-c1a7-45fd-ba12-a79fbf865ae2","4","1P","CumulativeEnergyKvarhQ1-TZ3","1.0.5.8.3.255","0","2"
"e1e08ec7-9cc4-4db6-8b16-81941e3172fb","4","1P","CumulativeEnergyKvarhQ1-TZ4","1.0.5.8.4.255","0","2"
"44693259-3915-4490-b143-05748b64ccc9","4","1P","CumulativeEnergyKvarhQ1-TZ5","1.0.5.8.5.255","0","2"
"a6e2fd7b-5223-4a26-80c3-453e1e2a4ff5","4","1P","CumulativeEnergyKvarhQ1-TZ6","1.0.5.8.6.255","0","2"
"00cf4c73-761f-4bb3-bb10-9d823bfe3c6b","4","1P","CumulativeEnergyKvarhQ1-TZ7","1.0.5.8.7.255","0","2"
"f4c6aca1-5672-4d71-8a5a-bec625d941bc","4","1P","CumulativeEnergyKvarhQ1-TZ8","1.0.5.8.8.255","0","2"
"221ce36c-3337-4b51-9033-a432dd9dccb6","4","1P","CumulativeEnergyKvarhQ2","1.0.6.8.0.255","0","2"
"e1e8c9ec-21bb-427f-9ded-7b14d9d6adc6","4","1P","CumulativeEnergyKvarhQ3","1.0.7.8.0.255","0","2"
"cdb41270-8aee-4ffa-98a8-f6fa2b83f8b1","4","1P","CumulativeEnergyKvarhQ4","1.0.8.8.0.255","0","2"
"ab57bf85-a43a-47d4-a873-0d92416f8c97","4","1P","CumulativeEnergyKvarhQ4-TZ1","1.0.8.8.1.255","0","2"
"89f700b9-b76e-4d93-a1c4-d1d30899ea36","4","1P","CumulativeEnergyKvarhQ4-TZ2","1.0.8.8.2.255","0","2"
"8f307320-8913-45cb-8b4c-899ac36a5ba3","4","1P","CumulativeEnergyKvarhQ4-TZ3","1.0.8.8.3.255","0","2"
"7b1216c7-82ec-463f-8c8d-e09e38742b49","4","1P","CumulativeEnergyKvarhQ4-TZ4","1.0.8.8.4.255","0","2"
"36d337a5-e16f-4efb-b8cd-44f704ee1913","4","1P","CumulativeEnergyKvarhQ4-TZ5","1.0.8.8.5.255","0","2"
"c37847be-d289-486c-8d1b-21a4754e5174","4","1P","CumulativeEnergyKvarhQ4-TZ6","1.0.8.8.6.255","0","2"
"143a06c5-5170-4c9e-93ba-21ebd852de00","4","1P","CumulativeEnergyKvarhQ4-TZ7","1.0.8.8.7.255","0","2"
"f847f48f-e114-42d7-8144-de2bf90b01cc","4","1P","CumulativeEnergyKvarhQ4-TZ8","1.0.8.8.8.255","0","2"
"e6e64b4d-c00d-4a02-8d2e-bd7cab9f90d4","4","1P","CumulativeEnergyKwhExport","1.0.2.8.0.255","1","2"
"9a8bede9-9126-42b8-aab4-70bc6bb8c532","4","1P","CumulativeEnergyKwhImport","1.0.1.8.0.255","1","2"
"a2870e07-c757-4a47-94f6-55dc2d0bda2d","4","1P","CumulativeEnergyKwhTZ1","1.0.1.8.1.255","1","2"
"725e98e9-fe35-4fb7-885b-02ed2e3800e7","4","1P","CumulativeEnergyKwhTZ1Export","1.0.2.8.1.255","1","2"
"ba2ff5b6-95f4-4a8b-97b6-e713c9c6862b","4","1P","CumulativeEnergyKwhTZ2","1.0.1.8.2.255","1","2"
"bd2e51d1-9519-4016-8a2a-e605160b5877","4","1P","CumulativeEnergyKwhTZ2Export","1.0.2.8.2.255","1","2"
"d580dd94-db04-41dd-8be8-f31854e92012","4","1P","CumulativeEnergyKwhTZ3","1.0.1.8.3.255","1","2"
"aadc7a49-a010-412e-8607-6c7706af9cd1","4","1P","CumulativeEnergyKwhTZ3Export","1.0.2.8.3.255","1","2"
"d2bf156f-1ba8-4959-b585-7b7ec14c1748","4","1P","CumulativeEnergyKwhTZ4","1.0.1.8.4.255","1","2"
"6e0972e0-82c4-4170-94fc-5286247b7a7f","4","1P","CumulativeEnergyKwhTZ4Export","1.0.2.8.4.255","1","2"
"9bd00480-f45b-4611-99a0-6380086beff8","4","1P","CumulativeEnergyKwhTZ5","1.0.1.8.5.255","1","2"
"89ddf07d-7b8a-4f90-a35f-0d04c3500b1e","4","1P","CumulativeEnergyKwhTZ5Export","1.0.2.8.5.255","1","2"
"19f2e2c1-aac1-488c-829b-2a1c6ae8a022","4","1P","CumulativeEnergyKwhTZ6","1.0.1.8.6.255","1","2"
"490ec8e2-20cb-4506-8464-a2c62d2c9012","4","1P","CumulativeEnergyKwhTZ6Export","1.0.2.8.6.255","1","2"
"e8c17902-a215-43a6-9217-515f990e9280","4","1P","CumulativeEnergyKwhTZ7","1.0.1.8.7.255","1","2"
"aea08774-d6bf-4cff-8954-8f3e3f51a8eb","4","1P","CumulativeEnergyKwhTZ7Export","1.0.2.8.7.255","1","2"
"b500d297-5a57-47ab-b96a-8db85e3c8d5a","4","1P","CumulativeEnergyKwhTZ8","1.0.1.8.8.255","1","2"
"a2ad7cd8-f6b1-4181-a6ad-1af1cd96e034","4","1P","CumulativeEnergyKwhTZ8Export","1.0.2.8.8.255","1","2"
"bd8e8dd8-ed21-439e-8e3d-3d36a61e06e7","4","1P","CumulativeTamperCount","0.0.94.91.0.255","0",""
"517aec49-35ba-43b5-87c8-c2892998d692","4","1P","FundamentalActiveEnergyExport","1.0.2.8.150.255","0",""
"166935e3-75e4-4ad4-ae1d-3a2d48e359c5","4","1P","FundamentalActiveEnergyImport","1.0.1.8.150.255","0",""
"e49fd4ad-e3de-49d9-a42c-5e06e244aa56","4","1P","ImportModeBillingDate","0.0.0.1.2.255","1","2"
"62e688af-cce7-4b08-b0f1-aef2c645fda3","4","1P","LRSCCounter","0.128.96.0.21.255","0","2"
"f35c1844-a64e-4eec-a33f-4a4b34d62a0b","4","1P","MaxDemandKvah","1.0.9.6.0.255","1","2"
"a66940fb-e82d-4092-9b4f-033b3fa15d52","4","1P","MaxDemandKvaTZ1Export","1.0.10.6.1.255","0",""
"31affe3e-d786-46ba-ad38-89db70d17a0b","4","1P","MaxDemandKvaTZ1ExportDateTime","1.0.10.6.1.255","0",""
"d2ac850b-9a9d-48ff-b1b0-879c54b4fc4e","4","1P","MaxDemandKvaTZ2Export","1.0.10.6.2.255","0",""
"e15d2e5c-6dcd-4d41-bca5-87e559e1edc2","4","1P","MaxDemandKvaTZ2ExportDateTime","1.0.10.6.2.255","0",""
"f5a3bb62-34f5-4a34-8ea3-b06590346813","4","1P","MaxDemandKvaTZ3Export","1.0.10.6.3.255","0",""
"7551bf6d-2521-4cca-907d-395f99a71cc7","4","1P","MaxDemandKvaTZ3ExportDateTime","1.0.10.6.3.255","0",""
"68121a08-d754-4240-9199-a7e801c0d1c2","4","1P","MaxDemandKvaTZ4Export","1.0.10.6.4.255","0",""
"cf3b041c-3891-4f0a-97b5-a1a4a3782962","4","1P","MaxDemandKvaTZ4ExportDateTime","1.0.10.6.4.255","0",""
"09a46a4f-6000-49f8-9df1-b7c6f780832a","4","1P","MaxDemandKvaTZ5Export","1.0.10.6.5.255","0",""
"f9611ac3-879a-4fbd-8cef-6e1653684934","4","1P","MaxDemandKvaTZ5ExportDateTime","1.0.10.6.5.255","0",""
"e07fb803-3adb-4d95-9425-2deef0dd7afd","4","1P","MaxDemandKvaTZ6Export","1.0.10.6.6.255","0",""
"bcbdc2da-c3a1-4e96-8ff0-cacb9464b087","4","1P","MaxDemandKvaTZ6ExportDateTime","1.0.10.6.6.255","0",""
"3efe1360-ba32-442d-8488-cc1b65c31535","4","1P","MaxDemandKvaTZ7Export","1.0.10.6.7.255","0",""
"df23b700-557e-4071-ba98-8f287de1621a","4","1P","MaxDemandKvaTZ7ExportDateTime","1.0.10.6.7.255","0",""
"677e16f6-c792-4356-99c9-e4553d33ef21","4","1P","MaxDemandKvaTZ8Export","1.0.10.6.8.255","0",""
"3f1caca6-31af-48b6-88d0-d1666858a759","4","1P","MaxDemandKvaTZ8ExportDateTime","1.0.10.6.8.255","0",""
"ac4357da-bc0f-4e6a-9e71-7cf242e8d003","4","1P","MaxDemandKwh","1.0.1.6.0.255","1","2"
"7c95bbff-f93f-4a2b-b759-f626a25a3592","4","1P","MaxDemandKwTZ1Export","1.0.2.6.1.255","0",""
"2b17ead7-f003-4d5d-977e-eeeff22f6d59","4","1P","MaxDemandKwTZ1ExportDateTime","1.0.2.6.1.255","0",""
"29c9a921-2a61-48e5-bb98-54f133ad4677","4","1P","MaxDemandKwTZ2Export","1.0.2.6.2.255","0",""
"b5c2718e-6ab6-43b0-8a90-d6a4cae335a9","4","1P","MaxDemandKwTZ2ExportDateTime","1.0.2.6.2.255","0",""
"1a2fc5ac-8797-4a7a-a491-63412957e91c","4","1P","MaxDemandKwTZ3Export","1.0.2.6.3.255","0",""
"d7db4dd0-0454-4ef1-bfdc-6500c7adca4e","4","1P","MaxDemandKwTZ3ExportDateTime","1.0.2.6.3.255","0",""
"82dc7d6f-6ecf-49e1-aae4-29be4bb7d61e","4","1P","MaxDemandKwTZ4Export","1.0.2.6.4.255","0",""
"e0cc8430-73e8-43c5-b197-d62ea9c56b6f","4","1P","MaxDemandKwTZ4ExportDateTime","1.0.2.6.4.255","0",""
"72f955f1-114f-4b38-b5c3-640be8ba899d","4","1P","MaxDemandKwTZ5Export","1.0.2.6.5.255","0",""
"aa5320f4-a651-47d3-b942-f1b5dcd4587b","4","1P","MaxDemandKwTZ5ExportDateTime","1.0.2.6.5.255","0",""
"a53f0ec4-0d1d-436e-a1f8-5ad7ff729b99","4","1P","MaxDemandKwTZ6Export","1.0.2.6.6.255","0",""
"9008ce06-39c7-48d8-b07e-a642a60136bc","4","1P","MaxDemandKwTZ6ExportDateTime","1.0.2.6.6.255","0",""
"34d14262-3993-4ef9-afdf-eb9e8e9fa5d4","4","1P","MaxDemandKwTZ7Export","1.0.2.6.7.255","0",""
"7177c1a1-8095-48e7-a4f3-5beb38f73fab","4","1P","MaxDemandKwTZ7ExportDateTime","1.0.2.6.7.255","0",""
"b362d8d4-f457-47bc-9eee-7ca6fa974cee","4","1P","MaxDemandKwTZ8Export","1.0.2.6.8.255","0",""
"80779729-9fd7-4c5e-8e2b-f1c7726998a7","4","1P","MaxDemandKwTZ8ExportDateTime","1.0.2.6.8.255","0",""
"c039a981-0d69-48be-97aa-7675be511d4f","4","1P","MaxDemandVahDateTime","1.0.9.6.0.255","1","5"
"4535dc7c-fb46-4fde-a700-c19863f9d822","4","1P","MaxDemandWhDateTime","1.0.1.6.0.255","1","5"
"cdf6fe63-8305-403c-bf73-ddbaef4feff4","4","1P","MaximumDemandKvaTZ1","1.0.9.6.1.255","0","2"
"0cb37928-a1db-402e-9fdb-808c26c9bb7f","4","1P","MaximumDemandKvaTZ1DateTime","1.0.9.6.1.255","0","5"
"efad7fec-9923-4ee5-ad35-8d7d0eb5db75","4","1P","MaximumDemandKvaTZ2","1.0.9.6.2.255","0","2"
"85f11b5a-f4f9-4f55-bb3a-67a786270c45","4","1P","MaximumDemandKvaTZ2DateTime","1.0.9.6.2.255","0","5"
"1f7b0be9-2381-4937-8776-6da921e172d6","4","1P","MaximumDemandKvaTZ3","1.0.9.6.3.255","0","2"
"18953ed2-df85-402a-be49-5f75ab492aa1","4","1P","MaximumDemandKvaTZ3DateTime","1.0.9.6.3.255","0","5"
"5ba99941-0732-4a8b-8372-ed4a6e5f97ab","4","1P","MaximumDemandKvaTZ4","1.0.9.6.4.255","0","2"
"c19c0b8a-772d-4e00-8a44-f7a86439861c","4","1P","MaximumDemandKvaTZ4DateTime","1.0.9.6.4.255","0","5"
"6dc83437-a3f1-45df-852e-ab13e9811b43","4","1P","MaximumDemandKvaTZ5","1.0.9.6.5.255","0","2"
"3208cfb4-b20f-43fe-a07d-7c9006595035","4","1P","MaximumDemandKvaTZ5DateTime","1.0.9.6.5.255","0","5"
"274470b8-9a9f-4770-a729-641b547b3e3d","4","1P","MaximumDemandKvaTZ6","1.0.9.6.6.255","0","2"
"45acb8ea-20fd-4ade-8e70-45d5a235c295","4","1P","MaximumDemandKvaTZ6DateTime","1.0.9.6.6.255","0","5"
"b43756f9-7363-4da4-b969-54b695c5304d","4","1P","MaximumDemandKvaTZ7","1.0.9.6.7.255","0","2"
"73884fc9-8694-4cf1-9a4d-0e53a18c0a31","4","1P","MaximumDemandKvaTZ7DateTime","1.0.9.6.7.255","0","5"
"17baf4e4-bf3c-4e36-9db6-32b44078440c","4","1P","MaximumDemandKvaTZ8","1.0.9.6.8.255","0","2"
"bf39363b-e6f1-44dc-be94-0e9ac94e5b5d","4","1P","MaximumDemandKvaTZ8DateTime","1.0.9.6.8.255","0","5"
"c9bc0aa9-37ac-44ce-967c-fce0824ccbc2","4","1P","MaximumDemandKwTZ1","1.0.1.6.1.255","0","2"
"afd29050-50f4-46a9-b366-b5796e603b2e","4","1P","MaximumDemandKwTZ1DateTime","1.0.1.6.1.255","0","5"
"85cadcb8-4e83-4065-b04a-67a2499607d1","4","1P","MaximumDemandKwTZ2","1.0.1.6.2.255","0","2"
"9faa6157-9739-48a2-887f-020045b6c879","4","1P","MaximumDemandKwTZ2DateTime","1.0.1.6.2.255","0","5"
"7cbd39da-cfa3-47e6-8551-c98dc7186c3b","4","1P","MaximumDemandKwTZ3","1.0.1.6.3.255","0","2"
"41521634-ccd7-43cf-9290-c9cae6fb288c","4","1P","MaximumDemandKwTZ3DateTime","1.0.1.6.3.255","0","5"
"8724af05-398c-4e27-8c8e-fdda0aeef13f","4","1P","MaximumDemandKwTZ4","1.0.1.6.4.255","0","2"
"165268a7-0d15-4051-9a19-32a91046a141","4","1P","MaximumDemandKwTZ4DateTime","1.0.1.6.4.255","0","5"
"51dc19fc-7706-4fdc-b5b0-0d3917cbb38c","4","1P","MaximumDemandKwTZ5","1.0.1.6.5.255","0","2"
"4dd7133a-5b0c-4ec5-8a5b-e20cb33262be","4","1P","MaximumDemandKwTZ5DateTime","1.0.1.6.5.255","0","5"
"94e73680-24b9-4efe-8380-da6303564064","4","1P","MaximumDemandKwTZ6","1.0.1.6.6.255","0","2"
"c97f5ded-10f9-48ac-919a-b995e7e39d14","4","1P","MaximumDemandKwTZ6DateTime","1.0.1.6.6.255","0","5"
"7cfb63ec-84b1-4ceb-90c7-13908369b361","4","1P","MaximumDemandKwTZ7","1.0.1.6.7.255","0","2"
"c526b415-5b6f-42a4-9720-bb5c4a6b6e11","4","1P","MaximumDemandKwTZ7DateTime","1.0.1.6.7.255","0","5"
"a71f67b3-d64d-4647-884c-dbbc6dbf00ea","4","1P","MaximumDemandKwTZ8","1.0.1.6.8.255","0","2"
"499cc997-2cd4-4f6f-ab9f-a674510dd2c9","4","1P","MaximumDemandKwTZ8DateTime","1.0.1.6.8.255","0","5"
"eb0c1d2d-2dde-4c11-81c0-ccc0b7eb403f","4","1P","MDKvaExport","1.0.10.6.0.255","0","2"
"1f5cd1d1-51ea-4ea5-a0bc-b65a3a27aab0","4","1P","MDKvaExportDateTime","1.0.10.6.0.255","0","5"
"e005017f-a2a1-45d9-a11b-8fdf5d11a8d0","4","1P","MDKwExport","1.0.2.6.0.255","0","2"
"1c81990d-0443-43e2-9ad6-85eb3485d400","4","1P","MDKwExportDateTime","1.0.2.6.0.255","0","5"
"1eb70c44-a1fa-488b-8c71-a5fe7f6e7d17","4","1P","NetEnergyKvah","1.129.9.8.0.255","0","2"
"f2a46e6b-1c1a-477d-9da5-8bacab9d2962","4","1P","NetEnergyKwh","1.0.16.8.0.255","0","2"
"80601f40-adbf-418e-94ba-cd350dd1d652","4","3P","AveragePFForBillingPeriod","1.0.13.0.0.255","1","2"
"17b3230a-0f74-41bc-bb4c-f503e76fa637","4","3P","AvgPFExport","1.0.84.0.0.255","0","2"
"8cfb180d-da1d-4942-aa54-108379301767","4","3P","BillingPowerOnDuration","0.0.94.91.13.255","1","2"
"769d900a-76ed-4c44-b45d-409dc923465e","4","3P","BillingType","1.0.96.50.2.255","0","2"
"e4179079-bc80-460b-9cb6-3d8a694bbf62","4","3P","CumulativeBillingCount","0.0.0.1.0.255","0","2"
"21fca3e2-66c3-4579-b07f-c6bde2537b9a","4","3P","CumulativeEnergyKvahExport","1.0.10.8.0.255","1","2"
"aeb405f3-57b5-470a-ae55-589451c65f8a","4","3P","CumulativeEnergyKvahImport","1.0.9.8.0.255","1","2"
"69c9a64b-4ef7-4ffc-b285-50bcfe1a7fa2","4","3P","CumulativeEnergyKvahTZ1","1.0.9.8.1.255","1","2"
"ca78cfd1-7449-4d86-8f55-5265274a43ad","4","3P","CumulativeEnergyKvahTZ1Export","1.0.10.8.1.255","1","2"
"ddcc9345-d635-461e-8d63-7079d4d19ac3","4","3P","CumulativeEnergyKvahTZ2","1.0.9.8.2.255","1","2"
"5b6734b1-5ae6-4b53-b24d-d4db101377df","4","3P","CumulativeEnergyKvahTZ2Export","1.0.10.8.2.255","1","2"
"0637632d-2ffd-4c9e-92af-43ae72c9c505","4","3P","CumulativeEnergyKvahTZ3","1.0.9.8.3.255","1","2"
"4de9d4e2-51a1-454e-800a-2c1a6842247e","4","3P","CumulativeEnergyKvahTZ3Export","1.0.10.8.3.255","1","2"
"6caac7ad-bfae-4ede-ac33-bb3b7040aae1","4","3P","CumulativeEnergyKvahTZ4","1.0.9.8.4.255","1","2"
"e8f97dab-1865-4f53-ae69-d63836b29c0a","4","3P","CumulativeEnergyKvahTZ4Export","1.0.10.8.4.255","1","2"
"2bb29cf3-5417-4255-aabd-b55019a6cd7e","4","3P","CumulativeEnergyKvahTZ5","1.0.9.8.5.255","1","2"
"e489bace-f7b0-464a-930e-8b4e5fb020f9","4","3P","CumulativeEnergyKvahTZ5Export","1.0.10.8.5.255","1","2"
"46827b87-381c-4ca6-b9cc-078385e85ce7","4","3P","CumulativeEnergyKvahTZ6","1.0.9.8.6.255","1","2"
"026ed7f8-832d-42b8-a5cd-fc4faf6ef589","4","3P","CumulativeEnergyKvahTZ6Export","1.0.10.8.6.255","1","2"
"f36edbfc-3816-4eec-8b5f-31d1166d2b20","4","3P","CumulativeEnergyKvahTZ7","1.0.9.8.7.255","1","2"
"626fc0e0-dc4b-4e8e-807d-3c4602d9a010","4","3P","CumulativeEnergyKvahTZ7Export","1.0.10.8.7.255","1","2"
"a2c574ec-1f40-47be-99b4-e514c0b3e995","4","3P","CumulativeEnergyKvahTZ8","1.0.9.8.8.255","1","2"
"49b7d35f-cf22-4013-b47d-44356da35510","4","3P","CumulativeEnergyKvahTZ8Export","1.0.10.8.8.255","1","2"
"4fc893be-bcf0-47b4-b9ca-881b97a359c7","4","3P","CumulativeEnergykVARhLagTZ1","1.0.5.8.1.255","0","2"
"9586b6ce-c167-4f62-969e-dbe4e12b8024","4","3P","CumulativeEnergykVARhLagTZ1Export","1.0.7.8.1.255","0",""
"74d13fa5-e0f4-4c68-b65f-5e09728d2c65","4","3P","CumulativeEnergykVARhLagTZ2","1.0.5.8.2.255","0","2"
"cef9a042-814a-4332-a1c7-90310f832711","4","3P","CumulativeEnergykVARhLagTZ2Export","1.0.7.8.2.255","0",""
"666f6b68-4a41-4307-9bd0-076e4610648b","4","3P","CumulativeEnergykVARhLagTZ3","1.0.5.8.3.255","0","2"
"22a833f6-4782-4d3c-a668-b3b1df747d6e","4","3P","CumulativeEnergykVARhLagTZ3Export","1.0.7.8.3.255","0",""
"e4a908cc-0fd1-4e4c-b976-3b3bf8b48046","4","3P","CumulativeEnergykVARhLagTZ4","1.0.5.8.4.255","0","2"
"30509107-88ec-4634-a2d2-c612f3f9bfee","4","3P","CumulativeEnergykVARhLagTZ4Export","1.0.7.8.4.255","0",""
"c18dc5e5-bfac-4872-9ea2-2fecd4a8cf93","4","3P","CumulativeEnergykVARhLagTZ5","1.0.5.8.5.255","0","2"
"0c3bbdfa-fefc-451f-9cfd-b4b60f7495ef","4","3P","CumulativeEnergykVARhLagTZ5Export","1.0.7.8.5.255","0",""
"bb36671a-b55a-427f-a870-f7a7c3205374","4","3P","CumulativeEnergykVARhLagTZ6","1.0.5.8.6.255","0","2"
"46fcd533-50d9-473c-98b9-7aa9c4c1b324","4","3P","CumulativeEnergykVARhLagTZ6Export","1.0.7.8.6.255","0",""
"c378d1a1-bed6-468d-9f9a-226ea36ca50e","4","3P","CumulativeEnergykVARhLagTZ7","1.0.5.8.7.255","0","2"
"a309d108-ef59-4428-b254-dbea369e0902","4","3P","CumulativeEnergykVARhLagTZ7Export","1.0.7.8.7.255","0",""
"cc92530d-6f89-4717-b837-8f5794fc4285","4","3P","CumulativeEnergykVARhLagTZ8","1.0.5.8.8.255","0","2"
"aa7fa982-1692-40c5-8909-f63534874a21","4","3P","CumulativeEnergykVARhLagTZ8Export","1.0.7.8.8.255","0",""
"f33b871b-dfa0-498c-86e8-51331b87f843","4","3P","CumulativeEnergykVARhLeadTZ1","1.0.8.8.1.255","0","2"
"83762938-cd09-482f-98d7-9d2c9020802c","4","3P","CumulativeEnergykVARhLeadTZ1Export","1.0.6.8.1.255","0",""
"4b5ca4d7-7665-4cd3-bfc1-b1313348811e","4","3P","CumulativeEnergykVARhLeadTZ2","1.0.8.8.2.255","0","2"
"f7a37514-bc5c-4a5a-a0c1-bc1b672db3a0","4","3P","CumulativeEnergykVARhLeadTZ2Export","1.0.6.8.2.255","0",""
"a3b44b33-e0c5-4881-a673-b84ec20ba910","4","3P","CumulativeEnergykVARhLeadTZ3","1.0.8.8.3.255","0","2"
"8aa4c03a-d467-4cb3-9758-43a7edd810e0","4","3P","CumulativeEnergykVARhLeadTZ3Export","1.0.6.8.3.255","0",""
"06990c9c-2e05-4eac-90ad-b8814e40efab","4","3P","CumulativeEnergykVARhLeadTZ4","1.0.8.8.4.255","0","2"
"1fcf1618-5352-4bfb-855a-1b477e250e8e","4","3P","CumulativeEnergykVARhLeadTZ4Export","1.0.6.8.4.255","0",""
"2f08ccde-98ed-4b53-bf14-ccdb95e6077c","4","3P","CumulativeEnergykVARhLeadTZ5","1.0.8.8.5.255","0","2"
"3989f053-3ede-4634-98f2-dc3ce0b620ca","4","3P","CumulativeEnergykVARhLeadTZ5Export","1.0.6.8.5.255","0",""
"bf54fcc9-60b7-4d25-b018-9f0cc7503f40","4","3P","CumulativeEnergykVARhLeadTZ6","1.0.8.8.6.255","0","2"
"f0cee73a-142d-410a-933c-ebb80984ee5b","4","3P","CumulativeEnergykVARhLeadTZ6Export","1.0.6.8.6.255","0",""
"71b7768a-764b-4a5c-9d8a-db0235ca6356","4","3P","CumulativeEnergykVARhLeadTZ7","1.0.8.8.7.255","0","2"
"eae0ad58-25b3-4ad6-8560-605ffeb8f146","4","3P","CumulativeEnergykVARhLeadTZ7Export","1.0.6.8.7.255","0",""
"12e863af-4c86-4f08-aa5f-abe63c20ccd3","4","3P","CumulativeEnergykVARhLeadTZ8","1.0.8.8.8.255","0","2"
"2ec8d3ca-7479-48b9-a632-673978a132d0","4","3P","CumulativeEnergykVARhLeadTZ8Export","1.0.6.8.8.255","0",""
"113efe23-4c3f-4b4e-a957-0107a7f8044b","4","3P","CumulativeEnergyKwhExport","1.0.2.8.0.255","1","2"
"68a1486c-0c45-4abb-976f-18ae20c9fbdb","4","3P","CumulativeEnergyKwhImport","1.0.1.8.0.255","1","2"
"a37184fe-e954-4a5e-8759-97cdbbf8f41a","4","3P","CumulativeEnergyKwhTZ1","1.0.1.8.1.255","1","2"
"eb686dde-bd65-4b32-af82-24afdc8ce572","4","3P","CumulativeEnergyKwhTZ1Export","1.0.2.8.1.255","1","2"
"086abfe6-f04e-4764-b5b2-81c6632fc022","4","3P","CumulativeEnergyKwhTZ2","1.0.1.8.2.255","1","2"
"19b16f8d-f00a-4578-a858-362b88297df6","4","3P","CumulativeEnergyKwhTZ2Export","1.0.2.8.2.255","1","2"
"de27614c-4097-473e-833d-c56ec6670a24","4","3P","CumulativeEnergyKwhTZ3","1.0.1.8.3.255","1","2"
"288bed37-6121-49d4-968c-12bf5ea3ee30","4","3P","CumulativeEnergyKwhTZ3Export","1.0.2.8.3.255","1","2"
"d55ea5f2-64c5-49bd-95ab-937fa9589c67","4","3P","CumulativeEnergyKwhTZ4","1.0.1.8.4.255","1","2"
"05a98801-b0d3-41f1-a414-18d3c6baa39c","4","3P","CumulativeEnergyKwhTZ4Export","1.0.2.8.4.255","1","2"
"b0d14b19-2b5f-4d94-8d62-7ac486963ce8","4","3P","CumulativeEnergyKwhTZ5","1.0.1.8.5.255","1","2"
"3afe72e1-bd19-4f30-9da3-76ea1d2b5ebd","4","3P","CumulativeEnergyKwhTZ5Export","1.0.2.8.5.255","1","2"
"f16e5f4c-d26b-44cf-9a9d-2d06f2b13f7e","4","3P","CumulativeEnergyKwhTZ6","1.0.1.8.6.255","1","2"
"9087b32b-1ce4-4c4b-9390-e4acc9067cfa","4","3P","CumulativeEnergyKwhTZ6Export","1.0.2.8.6.255","1","2"
"03effdea-0b9d-4bb9-8a22-c581c397705f","4","3P","CumulativeEnergyKwhTZ7","1.0.1.8.7.255","1","2"
"3e5338bb-4aa6-4bee-b2a8-e5a3b7724c27","4","3P","CumulativeEnergyKwhTZ7Export","1.0.2.8.7.255","1","2"
"64e8b250-198d-4fab-a828-5132c386d13a","4","3P","CumulativeEnergyKwhTZ8","1.0.1.8.8.255","1","2"
"12cadcbd-84d2-4089-b953-3c18bec0104d","4","3P","CumulativeEnergyKwhTZ8Export","1.0.2.8.8.255","1","2"
"e9560149-f2cd-43b6-bffd-a08c3aadaa29","4","3P","CumulativeMDKva","1.0.9.2.0.255","0","2"
"5bde518a-3639-48a6-ba4e-66108d2abe55","4","3P","CumulativeMDKW","1.0.1.2.0.255","0","2"
"4ecb7b51-d9d7-4036-9089-02bc8b743f85","4","3P","CumulativeTamperCount","0.0.94.91.0.255","1","2"
"85243871-5898-41ff-8441-a582dff6cba8","4","3P","FundamentalActiveEnergyExport","1.0.2.8.150.255","0","2"
"92ef3e7b-3a27-4ded-89ce-36daed1a30a5","4","3P","FundamentalActiveEnergyImport","1.0.1.8.150.255","0","2"
"7fd010b2-998d-45f2-a8d8-ff33b86c8d8e","4","3P","ImportModeBillingDate","0.0.0.1.2.255","1","2"
"b5111baf-52b2-440d-9d5b-d90ba3dee44e","4","3P","LRSCCounter","0.128.96.0.21.255","0","2"
"c0b93be7-8cb0-4dc5-aacd-9817c69b3f17","4","3P","MaxDemandKvaTZ1Export","1.0.10.6.1.255","0",""
"b00463bc-1ec3-48e8-a29d-3cca01f0d9c8","4","3P","MaxDemandKvaTZ1ExportDateTime","1.0.10.6.1.255","0",""
"31df60df-83a3-4962-b447-3d1971af8ae7","4","3P","MaxDemandKvaTZ2Export","1.0.10.6.2.255","0",""
"913273dc-a694-4bd5-a49c-5c411db895d5","4","3P","MaxDemandKvaTZ2ExportDateTime","1.0.10.6.2.255","0",""
"beb332e5-5183-43f6-92ed-b2793b51828f","4","3P","MaxDemandKvaTZ3Export","1.0.10.6.3.255","0",""
"8f0f6465-d6d4-4724-a7ab-d06ac0ac47f4","4","3P","MaxDemandKvaTZ3ExportDateTime","1.0.10.6.3.255","0",""
"7cab19d8-6566-4919-9839-b04e6008d296","4","3P","MaxDemandKvaTZ4Export","1.0.10.6.4.255","0",""
"0097077b-b1e2-4c2f-aaec-a3f20f7dbe89","4","3P","MaxDemandKvaTZ4ExportDateTime","1.0.10.6.4.255","0",""
"92d5bae4-899c-44c1-af07-d17301e28366","4","3P","MaxDemandKvaTZ5Export","1.0.10.6.5.255","0",""
"45744814-8663-41f0-894e-d9bb70836888","4","3P","MaxDemandKvaTZ5ExportDateTime","1.0.10.6.5.255","0",""
"0d8c21b6-b68f-4f61-afa7-9c5bba8a8702","4","3P","MaxDemandKvaTZ6Export","1.0.10.6.6.255","0",""
"8dbb2ffa-0b56-4a71-a2c1-86d06a4dbd26","4","3P","MaxDemandKvaTZ6ExportDateTime","1.0.10.6.6.255","0",""
"0b92112f-4649-46eb-ba6b-b38fc2a88804","4","3P","MaxDemandKvaTZ7Export","1.0.10.6.7.255","0",""
"c4556cf7-642a-4f0d-8526-bf89b69f789c","4","3P","MaxDemandKvaTZ7ExportDateTime","1.0.10.6.7.255","0",""
"0e5ab8ba-bb72-4049-9229-ee1815c403af","4","3P","MaxDemandKvaTZ8Export","1.0.10.6.8.255","0",""
"4645be4b-f75c-4765-b86d-a6ad09ae95f3","4","3P","MaxDemandKvaTZ8ExportDateTime","1.0.10.6.8.255","0",""
"cccba789-1730-4e80-adfb-a3bf9426e32b","4","3P","MaxDemandKwTZ1Export","1.0.2.6.1.255","0",""
"0caa4537-85a6-41b0-8cf0-f7445a127a18","4","3P","MaxDemandKwTZ1ExportDateTime","1.0.2.6.1.255","0",""
"aab03149-6f88-43ed-aa72-95ea50eec95e","4","3P","MaxDemandKwTZ2Export","1.0.2.6.2.255","0",""
"2ca8b339-62fc-4079-bb74-4ef51b9cb116","4","3P","MaxDemandKwTZ2ExportDateTime","1.0.2.6.2.255","0",""
"dc582b2e-5821-45d0-bb8d-c2cf33dc2d2b","4","3P","MaxDemandKwTZ3Export","1.0.2.6.3.255","0",""
"15118374-0f3a-4e13-ae1b-3baa30b4df50","4","3P","MaxDemandKwTZ3ExportDateTime","1.0.2.6.3.255","0",""
"9a190786-e95a-4a3c-8fe2-4793c450ba56","4","3P","MaxDemandKwTZ4Export","1.0.2.6.4.255","0",""
"c8467088-4917-494e-b9d5-e7c4d934b5d7","4","3P","MaxDemandKwTZ4ExportDateTime","1.0.2.6.4.255","0",""
"43660004-290a-41d4-9bc5-33ef1259d2ac","4","3P","MaxDemandKwTZ5Export","1.0.2.6.5.255","0",""
"84191a6b-3428-4b3d-ab87-8d16402ce14d","4","3P","MaxDemandKwTZ5ExportDateTime","1.0.2.6.5.255","0",""
"b6f4a427-ebb1-4149-bb35-451f58c9ee1f","4","3P","MaxDemandKwTZ6Export","1.0.2.6.6.255","0",""
"2b5438ee-bc8b-4f4c-ab35-01d17b5d7ba9","4","3P","MaxDemandKwTZ6ExportDateTime","1.0.2.6.6.255","0",""
"376269bf-0efd-4cdf-8171-427d428010b3","4","3P","MaxDemandKwTZ7Export","1.0.2.6.7.255","0",""
"c2a75074-01dd-46d7-aee6-1cb0cd5cd169","4","3P","MaxDemandKwTZ7ExportDateTime","1.0.2.6.7.255","0",""
"33802cd6-aa15-47ac-acd6-7d4e65d7a0a9","4","3P","MaxDemandKwTZ8Export","1.0.2.6.8.255","0",""
"d2f92139-7aef-40a7-bd6a-bfc241ff30aa","4","3P","MaxDemandKwTZ8ExportDateTime","1.0.2.6.8.255","0",""
"2da0c10e-2f4f-46e8-95db-121397f65c60","4","3P","MaximumDemandKva","1.0.9.6.0.255","1","2"
"690d1791-7c3b-4c18-902f-432ef2c67eb3","4","3P","MaximumDemandKvaDateTime","1.0.9.6.0.255","1","5"
"f35521e8-6b11-4bc7-9be9-b3b437f07d24","4","3P","MaximumDemandKvaDateTimeTZ1","1.0.9.6.1.255","1","5"
"32a30a10-d92a-4ae1-9d38-0f68278f4802","4","3P","MaximumDemandKvaDateTimeTZ2","1.0.9.6.2.255","1","5"
"03757dbd-b712-4f9f-9548-231c6f13465a","4","3P","MaximumDemandKvaDateTimeTZ3","1.0.9.6.3.255","1","5"
"ffb72de0-722e-4ffc-b151-99d2fcab184f","4","3P","MaximumDemandKvaDateTimeTZ4","1.0.9.6.4.255","1","5"
"fa2589c6-758f-4ffb-bea8-a066460786be","4","3P","MaximumDemandKvaDateTimeTZ5","1.0.9.6.5.255","1","5"
"7d50ddc2-779a-4810-b382-ef25b8a83c86","4","3P","MaximumDemandKvaDateTimeTZ6","1.0.9.6.6.255","1","5"
"1323371a-9b7a-4347-a223-bf01a13321e7","4","3P","MaximumDemandKvaDateTimeTZ7","1.0.9.6.7.255","1","5"
"69967c32-8645-4462-bc7b-574f06a0c1b5","4","3P","MaximumDemandKvaDateTimeTZ8","1.0.9.6.8.255","1","5"
"ba629bc8-d98b-4581-a7cd-bdc4f6a63cbd","4","3P","MaximumDemandKvaTZ1","1.0.9.6.1.255","1","2"
"c94067ec-65fd-42ae-8d6f-7fc723dd080c","4","3P","MaximumDemandKvaTZ2","1.0.9.6.2.255","1","2"
"e5bb15cb-86e0-47e7-8bd3-ff3a4abcffea","4","3P","MaximumDemandKvaTZ3","1.0.9.6.3.255","1","2"
"80c757ac-2049-4527-9cf5-b9082a222f91","4","3P","MaximumDemandKvaTZ4","1.0.9.6.4.255","1","2"
"7559921c-41a8-4b02-bef9-ef8f127734d2","4","3P","MaximumDemandKvaTZ5","1.0.9.6.5.255","1","2"
"a2d3684b-0bf8-4ab6-81c7-0a7de8e37412","4","3P","MaximumDemandKvaTZ6","1.0.9.6.6.255","1","2"
"ff11ab04-b736-487b-a52c-7b7b6415f3f1","4","3P","MaximumDemandKvaTZ7","1.0.9.6.7.255","1","2"
"a9190dfa-0494-4050-80b4-f620a28c05d5","4","3P","MaximumDemandKvaTZ8","1.0.9.6.8.255","1","2"
"1ba57f99-4c6d-4e32-aa87-85c549df155f","4","3P","MaximumDemandKw","1.0.1.6.0.255","1","2"
"1544005e-055d-4729-b28e-2e07b1679427","4","3P","MaximumDemandKwDateTime","1.0.1.6.0.255","1","5"
"5828dd64-69b0-4048-867a-4859f2fec6ec","4","3P","MaximumDemandKwDateTimeTZ1","1.0.1.6.1.255","1","5"
"3490b79c-8128-40b0-a74c-e8870bcb3ad6","4","3P","MaximumDemandKwDateTimeTZ2","1.0.1.6.2.255","1","5"
"cd15ad34-9de4-42f0-9da6-d115e5fe689e","4","3P","MaximumDemandKwDateTimeTZ3","1.0.1.6.3.255","1","5"
"0b990d99-5b00-4eee-bbaa-6de9f2b9236c","4","3P","MaximumDemandKwDateTimeTZ4","1.0.1.6.4.255","1","5"
"575775cc-0b9b-407b-a006-a8fe271519f5","4","3P","MaximumDemandKwDateTimeTZ5","1.0.1.6.5.255","1","5"
"f77c5315-4b1f-486b-b08d-d2ee4161106a","4","3P","MaximumDemandKwDateTimeTZ6","1.0.1.6.6.255","1","5"
"e41f6422-2125-484a-9ad5-d230c7fb165a","4","3P","MaximumDemandKwDateTimeTZ7","1.0.1.6.7.255","1","5"
"43e0756d-8123-490b-98ed-02e2ca5345ab","4","3P","MaximumDemandKwDateTimeTZ8","1.0.1.6.8.255","1","5"
"7d23878a-60ef-4b2e-bd74-f394c3a2cc06","4","3P","MaximumDemandKwTZ1","1.0.1.6.1.255","1","2"
"f23ffd97-634c-4f71-9132-2c0c14744d38","4","3P","MaximumDemandKwTZ2","1.0.1.6.2.255","1","2"
"1821e858-8907-46fa-a610-8f5c9a9e2d04","4","3P","MaximumDemandKwTZ3","1.0.1.6.3.255","1","2"
"e0de3f33-d85d-42f1-a3af-f08b91e9562d","4","3P","MaximumDemandKwTZ4","1.0.1.6.4.255","1","2"
"6e4e831b-6f7d-4d70-a995-4f50399033f1","4","3P","MaximumDemandKwTZ5","1.0.1.6.5.255","1","2"
"28353244-e549-4d43-bc28-fb0ce66640ed","4","3P","MaximumDemandKwTZ6","1.0.1.6.6.255","1","2"
"b0167f6b-2942-42d9-8c4a-57144f80feab","4","3P","MaximumDemandKwTZ7","1.0.1.6.7.255","1","2"
"928c024e-62b9-44e4-b239-bb766ed85949","4","3P","MaximumDemandKwTZ8","1.0.1.6.8.255","1","2"
"1a417c93-42c1-49cf-a2d9-566a93eb2ddb","4","3P","MDKvaExport","1.0.10.6.0.255","0","2"
"96da017e-ed18-4746-877c-0e4de3ed42b2","4","3P","MDKvaExportDateTime","1.0.10.6.0.255","0","5"
"54e01cba-1c91-4d65-9a8c-92d4f47002a7","4","3P","MDKwExport","1.0.2.6.0.255","0","2"
"a97ab060-115b-41f4-92a0-e5e58ad825ad","4","3P","MDKwExportDateTime","1.0.2.6.0.255","0","5"
"92830cdd-ab13-4dc9-a958-e28154956f93","4","3P","SumLineReactivePowerQ1","1.0.5.8.0.255","1","2"
"efcdd2df-932f-4c36-8942-4578a0ac2d34","4","3P","SumLineReactivePowerQ2","1.0.6.8.0.255","1","2"
"612bbc2e-87db-422a-8e98-f71259378d22","4","3P","SumLineReactivePowerQ3","1.0.7.8.0.255","1","2"
"093f4481-7071-4d15-86c4-30b4d308b30f","4","3P","SumLineReactivePowerQ4","1.0.8.8.0.255","1","2"
"299fbe5d-c6f5-4e07-9ec9-d0d6ef76cc92","4","CT","AveragePFForBillingPeriod","1.0.13.0.0.255","1","2"
"b1f55209-a006-4102-ad69-db9a75e224dd","4","CT","AvgPFExport","1.0.84.0.0.255","0","2"
"d9274a74-9cbe-441a-aeae-3c0a60cdd0d6","4","CT","BillingPeriodCounter","0.0.0.1.0.255","0","2"
"d74e1908-6449-4c9b-80f6-bb52b4845caa","4","CT","BillingPowerOnDuration","0.0.94.91.13.255","1","2"
"67049308-cc8e-4f5b-bdbd-af10dfd1e982","4","CT","BillingType","1.0.96.50.2.255","0","2"
"5df0e43d-4c59-4cac-9c11-67192f435d41","4","CT","CumulativeEnergyKvahExport","1.0.10.8.0.255","1","2"
"e77e482f-419e-4ba9-b32f-86d2c7d6163f","4","CT","CumulativeEnergyKvahImport","1.0.9.8.0.255","1","2"
"ffedea06-e8c8-494c-95ec-225508fa6631","4","CT","CumulativeEnergyKvahTZ1","1.0.9.8.1.255","1","2"
"c45648e7-765f-4667-97f2-83ee4e2a685c","4","CT","CumulativeEnergyKvahTZ1Export","1.0.10.8.1.255","1","2"
"17be9f37-a820-478e-8a6e-3bc47ef35678","4","CT","CumulativeEnergyKvahTZ2","1.0.9.8.2.255","1","2"
"7d829cab-1965-4db3-a5ac-3c95bd57f76c","4","CT","CumulativeEnergyKvahTZ2Export","1.0.10.8.2.255","1","2"
"3115ffdb-f963-40b3-9018-5f5258a1c3d5","4","CT","CumulativeEnergyKvahTZ3","1.0.9.8.3.255","1","2"
"ec7deefc-e7a0-422a-ab55-1fc87cdba411","4","CT","CumulativeEnergyKvahTZ3Export","1.0.10.8.3.255","1","2"
"d0323064-448b-438b-a499-1ad44ab792a9","4","CT","CumulativeEnergyKvahTZ4","1.0.9.8.4.255","1","2"
"a272e252-2b02-42fc-b02c-c43a2dcaa4f1","4","CT","CumulativeEnergyKvahTZ4Export","1.0.10.8.4.255","1","2"
"bab73ee7-704b-4fb5-b185-9d5fa211eb23","4","CT","CumulativeEnergyKvahTZ5","1.0.9.8.5.255","1","2"
"3d21beab-0567-4fc8-b4f3-3af923145c7f","4","CT","CumulativeEnergyKvahTZ5Export","1.0.10.8.5.255","1","2"
"ff18fc31-1cf4-422d-835e-b5f63b3e6e12","4","CT","CumulativeEnergyKvahTZ6","1.0.9.8.6.255","1","2"
"9f37692e-c96e-4ac9-bc9a-3dfdf29fd80a","4","CT","CumulativeEnergyKvahTZ6Export","1.0.10.8.6.255","1","2"
"5f492dbe-8416-467a-9be1-6ce492734659","4","CT","CumulativeEnergyKvahTZ7","1.0.9.8.7.255","1","2"
"be86ef58-c9db-40b3-ac5d-cfca3c44116d","4","CT","CumulativeEnergyKvahTZ7Export","1.0.10.8.7.255","1","2"
"7cac5bcd-64b4-428b-87fe-e7aae9b9df44","4","CT","CumulativeEnergyKvahTZ8","1.0.9.8.8.255","1","2"
"3108dccc-44a6-4ccd-829d-bf2db242d49d","4","CT","CumulativeEnergyKvahTZ8Export","1.0.10.8.8.255","1","2"
"06dab5f1-8038-4f08-b0b6-e502b9362227","4","CT","CumulativeEnergykVARhLagTZ1","1.0.5.8.1.255","1","2"
"23c14907-4a82-481f-9eab-ab61f20c5068","4","CT","CumulativeEnergykVARhLagTZ1Export","1.0.7.8.1.255","0",""
"db9876c7-34db-469d-bab4-2f4b0170a47c","4","CT","CumulativeEnergykVARhLagTZ2","1.0.5.8.2.255","1","2"
"ec03fe8b-fa23-40a2-8e20-1d33b500fc7f","4","CT","CumulativeEnergykVARhLagTZ2Export","1.0.7.8.2.255","0",""
"8181ba9f-7f2b-4682-8e65-3893a34056eb","4","CT","CumulativeEnergykVARhLagTZ3","1.0.5.8.3.255","1","2"
"301718dc-0a83-40ae-acf2-95209cd74758","4","CT","CumulativeEnergykVARhLagTZ3Export","1.0.7.8.3.255","0",""
"ac913637-d628-4057-86c8-3c88a0e87df4","4","CT","CumulativeEnergykVARhLagTZ4","1.0.5.8.4.255","1","2"
"d0efaed8-0f83-41eb-87c3-aabd87441617","4","CT","CumulativeEnergykVARhLagTZ4Export","1.0.7.8.4.255","0",""
"9e64a2d6-f15d-425f-b2b9-1685b1cbd9a7","4","CT","CumulativeEnergykVARhLagTZ5","1.0.5.8.5.255","1","2"
"ad9d0cbb-7952-4fdb-b18e-8e807e4edc66","4","CT","CumulativeEnergykVARhLagTZ5Export","1.0.7.8.5.255","0",""
"21474e88-7abe-4b0b-ad18-d3b15278fe5f","4","CT","CumulativeEnergykVARhLagTZ6","1.0.5.8.6.255","1","2"
"ff8d57ce-3dd8-4965-a008-a9cc864b650c","4","CT","CumulativeEnergykVARhLagTZ6Export","1.0.7.8.6.255","0",""
"075a0363-3b77-4f98-bd5b-a42b529c090b","4","CT","CumulativeEnergykVARhLagTZ7","1.0.5.8.7.255","1","2"
"e7524d72-07c9-47bf-ab90-db07b7a49826","4","CT","CumulativeEnergykVARhLagTZ7Export","1.0.7.8.7.255","0",""
"1f82989a-2739-4891-9aab-4fbe16dfbdf4","4","CT","CumulativeEnergykVARhLagTZ8","1.0.5.8.8.255","1","2"
"859a4891-b716-4614-93ca-2e68cbb7eb95","4","CT","CumulativeEnergykVARhLagTZ8Export","1.0.7.8.8.255","0",""
"84319d98-3ffa-4599-8af4-ce240604b64e","4","CT","CumulativeEnergykVARhLeadTZ1","1.0.8.8.1.255","1","2"
"a8a3267a-f288-433a-82dd-91065020e4bd","4","CT","CumulativeEnergykVARhLeadTZ1Export","1.0.6.8.1.255","0",""
"a017a56b-07ed-41a8-b895-ff70ef7caae7","4","CT","CumulativeEnergykVARhLeadTZ2","1.0.8.8.2.255","1","2"
"726fa7a0-6c16-4b92-8cd2-c42912fafb25","4","CT","CumulativeEnergykVARhLeadTZ2Export","1.0.6.8.2.255","0",""
"048b1038-d1fd-49d5-9c1a-bab329ccbca2","4","CT","CumulativeEnergykVARhLeadTZ3","1.0.8.8.3.255","1","2"
"71b36eea-adb5-48f4-9ffd-f77bced95379","4","CT","CumulativeEnergykVARhLeadTZ3Export","1.0.6.8.3.255","0",""
"eb740b3c-800f-431b-afb8-924737886223","4","CT","CumulativeEnergykVARhLeadTZ4","1.0.8.8.4.255","1","2"
"6cb6e5ce-4ebc-45fd-8e67-99ae5b029523","4","CT","CumulativeEnergykVARhLeadTZ4Export","1.0.6.8.4.255","0",""
"223f21d1-a60e-4540-9746-9049ceaee4a4","4","CT","CumulativeEnergykVARhLeadTZ5","1.0.8.8.5.255","1","2"
"8dd96290-c4e0-4602-90c9-7526f217d613","4","CT","CumulativeEnergykVARhLeadTZ5Export","1.0.6.8.5.255","0",""
"0d0b0b57-9ba9-4004-a5a6-f0cd676afa70","4","CT","CumulativeEnergykVARhLeadTZ6","1.0.8.8.6.255","1","2"
"5454527b-db17-41d0-9e5a-9de956347398","4","CT","CumulativeEnergykVARhLeadTZ6Export","1.0.6.8.6.255","0",""
"2910eab9-dabf-4422-80c1-0fafa7289063","4","CT","CumulativeEnergykVARhLeadTZ7","1.0.8.8.7.255","1","2"
"be796bdc-78fd-49eb-a74c-e8949accd7b7","4","CT","CumulativeEnergykVARhLeadTZ7Export","1.0.6.8.7.255","0",""
"d644159b-c6e6-4892-ae96-4d8d71144ffe","4","CT","CumulativeEnergykVARhLeadTZ8","1.0.8.8.8.255","1","2"
"d7b06fb0-c921-476c-833b-69c736c10ef6","4","CT","CumulativeEnergykVARhLeadTZ8Export","1.0.6.8.8.255","0",""
"45af83fe-371d-4dcc-9145-eb7cae26bfd2","4","CT","CumulativeEnergyKwhExport","1.0.2.8.0.255","1","2"
"e3b0273a-5de2-4415-b26e-dde12524b823","4","CT","CumulativeEnergyKwhImport","1.0.1.8.0.255","1","2"
"5d203618-e6f7-417b-a9b3-9aa5ad47a7c6","4","CT","CumulativeEnergyKwhTZ1","1.0.1.8.1.255","1","2"
"482565e9-c866-4c46-9bcd-f25266e35d58","4","CT","CumulativeEnergyKwhTZ1Export","1.0.2.8.1.255","1","2"
"c145f293-e9e4-4a3c-ba3d-fe0392beb43d","4","CT","CumulativeEnergyKwhTZ2","1.0.1.8.2.255","1","2"
"32642676-5f24-44aa-96b4-b76b83c5f264","4","CT","CumulativeEnergyKwhTZ2Export","1.0.2.8.2.255","1","2"
"cbc5d275-222d-44bf-9873-513b1d4304c4","4","CT","CumulativeEnergyKwhTZ3","1.0.1.8.3.255","1","2"
"5de17982-1604-4e53-ab7a-3420aae98537","4","CT","CumulativeEnergyKwhTZ3Export","1.0.2.8.3.255","1","2"
"8513e5a2-36df-4954-b9f6-ccdded91082f","4","CT","CumulativeEnergyKwhTZ4","1.0.1.8.4.255","1","2"
"0583b774-8ac2-4ec1-b593-80afe1b3045e","4","CT","CumulativeEnergyKwhTZ4Export","1.0.2.8.4.255","1","2"
"c1a6480f-51bd-4ce3-b704-2f493bea9887","4","CT","CumulativeEnergyKwhTZ5","1.0.1.8.5.255","1","2"
"a8e20cc4-fc96-47c3-b346-68fe6a6c4467","4","CT","CumulativeEnergyKwhTZ5Export","1.0.2.8.5.255","1","2"
"342a2103-d488-451c-9be3-a3f2fb84e0a5","4","CT","CumulativeEnergyKwhTZ6","1.0.1.8.6.255","1","2"
"4886884e-625c-48a3-9b7c-4c6a26464ddb","4","CT","CumulativeEnergyKwhTZ6Export","1.0.2.8.6.255","1","2"
"efab2e9c-e1db-420b-8652-42f1349af5b0","4","CT","CumulativeEnergyKwhTZ7","1.0.1.8.7.255","1","2"
"7bb10191-b549-4cd2-ae80-22c213692e3c","4","CT","CumulativeEnergyKwhTZ7Export","1.0.2.8.7.255","1","2"
"9bc59520-273c-4802-8a93-0463a896dbd7","4","CT","CumulativeEnergyKwhTZ8","1.0.1.8.8.255","1","2"
"e43b339f-ae7a-4bf5-8678-8911eb3c653b","4","CT","CumulativeEnergyKwhTZ8Export","1.0.2.8.8.255","1","2"
"a4805a2c-72fa-4b62-b6e1-4434858d8a9d","4","CT","CumulativeKvarhQ1","1.0.5.8.0.255","1","2"
"88833398-3bab-4d04-ad76-411e2b32cfe4","4","CT","CumulativeKvarhQ2","1.0.6.8.0.255","1","2"
"698db0e8-1708-4cd9-934c-b295b0430892","4","CT","CumulativeKvarhQ3","1.0.7.8.0.255","1","2"
"7dfb628d-e933-48b2-9f23-b23053968a80","4","CT","CumulativeKvarhQ4","1.0.8.8.0.255","1","2"
"e434f565-7ede-4ab2-adf1-1e22aa8cc50e","4","CT","CumulativeMDKva","1.0.9.2.0.255","0","2"
"3eb97cf0-ce0a-4925-9a55-a0bd35afc55b","4","CT","CumulativeMDKW","1.0.1.2.0.255","0","2"
"8d600b5b-6b19-4ebb-af96-4b57265dbd41","4","CT","CumulativeTamperCount","0.0.94.91.0.255","0","2"
"423a840f-a09c-4c44-8fb6-216f8bd9946a","4","CT","FundamentalActiveEnergyExport","1.0.2.8.150.255","0","2"
"8996b9b3-6764-4bae-a7e5-22933605fff5","4","CT","FundamentalActiveEnergyImport","1.0.1.8.150.255","0","2"
"48feb963-64e8-4d0f-9034-97013327a411","4","CT","ImportModeBillingDate","0.0.0.1.2.255","1","2"
"19e9d66c-c62f-465e-916e-e28911e93ac7","4","CT","MaxDemandKvaTZ1Export","1.0.10.6.1.255","0",""
"a9f8b3bc-071e-4779-9128-be5477a07393","4","CT","MaxDemandKvaTZ1ExportDateTime","1.0.10.6.1.255","0",""
"077f8e5b-163b-49b7-bdcd-912683ea8bcf","4","CT","MaxDemandKvaTZ2Export","1.0.10.6.2.255","0",""
"4c224bb0-9e9f-4654-bcf5-8d1215d2353b","4","CT","MaxDemandKvaTZ2ExportDateTime","1.0.10.6.2.255","0",""
"503d8f09-dd1a-41eb-83c7-79b35d351ace","4","CT","MaxDemandKvaTZ3Export","1.0.10.6.3.255","0",""
"c502a892-2387-49d0-90f8-57c1b81eb9fc","4","CT","MaxDemandKvaTZ3ExportDateTime","1.0.10.6.3.255","0",""
"2627b106-227d-4464-a3b2-9424d2e9741e","4","CT","MaxDemandKvaTZ4Export","1.0.10.6.4.255","0",""
"3f947e88-9a94-4a9a-bd08-7f0c7e5f239e","4","CT","MaxDemandKvaTZ4ExportDateTime","1.0.10.6.4.255","0",""
"fcc250b5-723c-4140-a941-65d6f440b115","4","CT","MaxDemandKvaTZ5Export","1.0.10.6.5.255","0",""
"cd01346a-9144-4516-bf0a-1a5705c53b86","4","CT","MaxDemandKvaTZ5ExportDateTime","1.0.10.6.5.255","0",""
"1b75dd12-16eb-4971-8f01-a341053306ee","4","CT","MaxDemandKvaTZ6Export","1.0.10.6.6.255","0",""
"56e5a68a-f3bc-4077-bf9c-2791c56c9261","4","CT","MaxDemandKvaTZ6ExportDateTime","1.0.10.6.6.255","0",""
"27118ec8-5231-47a2-98e4-3da14a739881","4","CT","MaxDemandKvaTZ7Export","1.0.10.6.7.255","0",""
"78a14c12-88a6-4132-8630-cf08f0d51489","4","CT","MaxDemandKvaTZ7ExportDateTime","1.0.10.6.7.255","0",""
"2cc6aef2-182a-4bdf-8d1b-9b9035761e25","4","CT","MaxDemandKvaTZ8Export","1.0.10.6.8.255","0",""
"82e1ca12-6f14-43c8-b49b-48fdb02088bc","4","CT","MaxDemandKvaTZ8ExportDateTime","1.0.10.6.8.255","0",""
"5fe1028d-da3a-4ab4-b230-92383bbe40eb","4","CT","MaxDemandKwTZ1Export","1.0.2.6.1.255","0",""
"bbc79548-cb3f-4d2f-975d-b32394fdf642","4","CT","MaxDemandKwTZ1ExportDateTime","1.0.2.6.1.255","0",""
"9c066934-808b-40dd-ba15-5184c2b37a4d","4","CT","MaxDemandKwTZ2Export","1.0.2.6.2.255","0",""
"d5b49e14-4d84-4116-b0ad-e89c58ec7ffb","4","CT","MaxDemandKwTZ2ExportDateTime","1.0.2.6.2.255","0",""
"79766a8a-e3d4-470f-96ca-c4f9c53f7e01","4","CT","MaxDemandKwTZ3Export","1.0.2.6.3.255","0",""
"153f9dd6-4d28-452d-b1a2-da82cbc2cb1d","4","CT","MaxDemandKwTZ3ExportDateTime","1.0.2.6.3.255","0",""
"caf7c3dc-6076-43e8-b2fd-37f5cccb4ee1","4","CT","MaxDemandKwTZ4Export","1.0.2.6.4.255","0",""
"4d0e3edb-2dfc-4737-9bce-a1a466f6ddb1","4","CT","MaxDemandKwTZ4ExportDateTime","1.0.2.6.4.255","0",""
"58dd1904-371c-4357-841a-59307b064141","4","CT","MaxDemandKwTZ5Export","1.0.2.6.5.255","0",""
"f4d93724-e384-44a2-a801-7c4f8d4f7b71","4","CT","MaxDemandKwTZ5ExportDateTime","1.0.2.6.5.255","0",""
"4bb5ab03-68f2-4ebb-b243-fb6b8638f776","4","CT","MaxDemandKwTZ6Export","1.0.2.6.6.255","0",""
"9eb4e804-36af-4e44-8cc7-66e0293e4569","4","CT","MaxDemandKwTZ6ExportDateTime","1.0.2.6.6.255","0",""
"4dddfd4c-6c4a-4bb9-b13e-da5793263e36","4","CT","MaxDemandKwTZ7Export","1.0.2.6.7.255","0",""
"d2ba3108-0311-4bbe-b1be-78004f8221f3","4","CT","MaxDemandKwTZ7ExportDateTime","1.0.2.6.7.255","0",""
"c7b32ac9-1996-45a6-bef4-f5216bf4962e","4","CT","MaxDemandKwTZ8Export","1.0.2.6.8.255","0",""
"f307ffd9-98b1-4819-aff3-7b0cc83e6a0e","4","CT","MaxDemandKwTZ8ExportDateTime","1.0.2.6.8.255","0",""
"f240f1c1-f0bf-4aa3-8c8c-3abfcee21a66","4","CT","MaximumDemandKva","1.0.9.6.0.255","1","2"
"a282e2f4-a52d-4890-9059-c0166ae0b8f5","4","CT","MaximumDemandKvaDateTime","1.0.9.6.0.255","1","5"
"1f493a35-1bb2-44b7-a316-35ce6009652a","4","CT","MaximumDemandKvaDateTimeTZ1","1.0.9.6.1.255","1","5"
"9cef566d-0223-45c7-8c11-4bb9944a86f0","4","CT","MaximumDemandKvaDateTimeTZ2","1.0.9.6.2.255","1","5"
"55e7a02f-7d56-4860-9830-b8cbc7be86ea","4","CT","MaximumDemandKvaDateTimeTZ3","1.0.9.6.3.255","1","5"
"97522557-d94e-4b56-91f7-6ec7f6bd6b70","4","CT","MaximumDemandKvaDateTimeTZ4","1.0.9.6.4.255","1","5"
"3835762d-1784-4853-a2a0-1ce956ac9eaf","4","CT","MaximumDemandKvaDateTimeTZ5","1.0.9.6.5.255","1","5"
"18572757-69a0-46de-b272-263d59a027dd","4","CT","MaximumDemandKvaDateTimeTZ6","1.0.9.6.6.255","1","5"
"d659fcc2-7b72-4d1a-a343-4df819195b7d","4","CT","MaximumDemandKvaDateTimeTZ7","1.0.9.6.7.255","1","5"
"f6dd3363-c929-438d-95e3-c95f2126fd2d","4","CT","MaximumDemandKvaDateTimeTZ8","1.0.9.6.8.255","1","5"
"d4049354-f9c3-498a-be61-7b3de105e6b4","4","CT","MaximumDemandKvaTZ1","1.0.9.6.1.255","1","2"
"f6bf5757-d76e-4f8d-82a6-fc84555ec04c","4","CT","MaximumDemandKvaTZ2","1.0.9.6.2.255","1","2"
"56e170b4-ce5c-4b6c-a487-d2f4d1afd9c6","4","CT","MaximumDemandKvaTZ3","1.0.9.6.3.255","1","2"
"d7b90d84-9a4e-4c93-8817-d91e3192cbdd","4","CT","MaximumDemandKvaTZ4","1.0.9.6.4.255","1","2"
"208a7a26-7d45-4ec3-b0ec-905bd98e60eb","4","CT","MaximumDemandKvaTZ5","1.0.9.6.5.255","1","2"
"828530de-a955-415e-bfb2-96d39c6928ad","4","CT","MaximumDemandKvaTZ6","1.0.9.6.6.255","1","2"
"3dc94ee7-a74d-4e62-9ade-884991be5f3f","4","CT","MaximumDemandKvaTZ7","1.0.9.6.7.255","1","2"
"acc0fb98-8b09-468f-bc9f-ec4abe11c0b3","4","CT","MaximumDemandKvaTZ8","1.0.9.6.8.255","1","2"
"ca39f62a-1fdb-4135-a41c-5660b0354d2d","4","CT","MaximumDemandKw","1.0.1.6.0.255","1","2"
"6154f7cf-9db9-4fa7-b241-df7d70856aab","4","CT","MaximumDemandKwDateTime","1.0.1.6.0.255","1","5"
"3d328af7-ad36-42de-a471-9e792df30c9b","4","CT","MaximumDemandKwDateTimeTZ1","1.0.1.6.1.255","1","5"
"17ae93f7-209a-45a4-aa8b-dc549fa2f68b","4","CT","MaximumDemandKwDateTimeTZ2","1.0.1.6.2.255","1","5"
"5026f7d5-28f0-44a4-87a6-5cb685037cac","4","CT","MaximumDemandKwDateTimeTZ3","1.0.1.6.3.255","1","5"
"4aaf9a1d-dea4-4a83-976d-a03d1d2732f0","4","CT","MaximumDemandKwDateTimeTZ4","1.0.1.6.4.255","1","5"
"2f947f8a-2346-4968-9339-6d258d4d895b","4","CT","MaximumDemandKwDateTimeTZ5","1.0.1.6.5.255","1","5"
"55a759f9-2bcb-4b05-9d26-2385c9233bf7","4","CT","MaximumDemandKwDateTimeTZ6","1.0.1.6.6.255","1","5"
"b4370980-be4f-4642-9dab-b4f187121250","4","CT","MaximumDemandKwDateTimeTZ7","1.0.1.6.7.255","1","5"
"7adcd857-3066-45d6-a20b-1739cbc56e66","4","CT","MaximumDemandKwDateTimeTZ8","1.0.1.6.8.255","1","5"
"ce3798e4-7627-4066-96b1-8910a62c9aec","4","CT","MaximumDemandKwTZ1","1.0.1.6.1.255","1","2"
"9a12a2d2-7040-4763-ad88-76d13c709e9c","4","CT","MaximumDemandKwTZ2","1.0.1.6.2.255","1","2"
"653f66fa-f4e0-4dcf-ae6f-9837b65d3196","4","CT","MaximumDemandKwTZ3","1.0.1.6.3.255","1","2"
"901098ac-efd2-4238-83cd-70988440ae49","4","CT","MaximumDemandKwTZ4","1.0.1.6.4.255","1","2"
"ece936a6-ff71-440c-8f3c-1f00426cfc41","4","CT","MaximumDemandKwTZ5","1.0.1.6.5.255","1","2"
"970431a8-5046-4ac0-ac90-cde5546c8474","4","CT","MaximumDemandKwTZ6","1.0.1.6.6.255","1","2"
"b43b8852-da18-4568-b041-05ed3e1e31f6","4","CT","MaximumDemandKwTZ7","1.0.1.6.7.255","1","2"
"e0620f56-d1a5-4999-a7eb-d30e334b1f77","4","CT","MaximumDemandKwTZ8","1.0.1.6.8.255","1","2"
"a4ee90c2-5772-4343-bb29-e13c9b7e0ad5","4","CT","MDKvaExport","1.0.10.6.0.255","0","2"
"de361476-f85d-4a87-808f-47eb8df7c96d","4","CT","MDKvaExportDateTime","1.0.10.6.0.255","0","5"
"38bbb41f-8516-4965-9661-eec2a939d6b2","4","CT","MDKwExport","1.0.2.6.0.255","0","2"
"ed6e86ef-f5d0-4f79-9b0a-fb26294d237e","4","CT","MDKwExportDateTime","1.0.2.6.0.255","0","5"
"2c51032c-cf77-4b60-afa8-b404537ae5db","4","CT","PowerFailureCount","0.0.96.7.150.255","0","2"
"bb35af27-91eb-4bfa-b16d-1771f54ea193","4","CT","PowerOffDuration","0.0.94.91.150.255","0","2"
"f75fc413-e37e-4e69-9b6e-e8d8b3a03421","5","1P","CumulativeEnergyKvah","1.0.9.8.0.255","0","2"
"dfb14983-b599-4b7c-b679-d02c219c4df4","5","1P","CumulativeEnergyKvahExport","1.0.10.8.0.255","0","2"
"63a2ba01-11ac-4177-a363-a014e3d12e8a","5","1P","CumulativeEnergyKwh","1.0.1.8.0.255","1","2"
"d01e9c70-1d88-4e21-8968-2a8dc02ba99c","5","1P","CumulativeEnergyKwhExport","1.0.2.8.0.255","1","2"
"274e64e5-9762-4627-bd56-567b4df9561b","5","1P","CumulativeTamperCount","0.0.94.91.0.255","1","2"
"b2044d1a-adf2-40e4-a35e-1e11a2e3f0f1","5","1P","Current","1.0.94.91.14.255","1","2"
"6e5c0b52-c71a-4e98-9757-0d9368ddd8de","5","1P","EventId","0.0.96.11.0.255","1","2"
"02b39221-ffe8-45e2-9479-a546445a2782","5","1P","Frequency","1.0.14.27.0.255","0","2"
"e92a5623-a3dc-4b57-bdf5-de65ca7896ce","5","1P","GenericEventLogSequenceNumber","0.0.96.15.e.255","1","2"
"68b89385-0d1d-42e8-99a1-aaec66ddef06","5","1P","Neutral Current","1.0.91.7.0.255","0","2"
"cf709c24-9f46-48b9-8b31-e1c79de933be","5","1P","PowerFactor","1.0.13.7.0.255","1","2"
"dda7f999-58c1-4bc1-a047-5a9d57fb86c1","5","1P","RtcDateTime","0.0.1.0.0.255","1","2"
"1e40e4b4-3d4c-4cb2-bb44-138dad5ff379","5","1P","Temperature","0.0.96.9.128.255","0","2"
"24d2565c-9aaa-45f7-8592-50d6e1b06382","5","1P","Voltage","1.0.12.7.0.255","1","2"
"e1622340-7488-4b47-9f09-91b8bb87e69b","5","3P","BPhaseActiveCurrent","1.0.71.7.128.255","0","2"
"b8335315-d6f0-4065-833c-63fae89d84bb","5","3P","BPhaseCurrent","1.0.71.7.0.255","1","2"
"832c8779-8b6c-4897-a4c2-07048ec47cd3","5","3P","BPhasePowerFactor","1.0.73.7.0.255","1","2"
"042ea9d5-7641-478a-bf88-7c7a4ecfa140","5","3P","BPhaseVoltage","1.0.72.7.0.255","1","2"
"c50a9472-f6ee-4fbb-8a09-aca2412f71a3","5","3P","CumulativeEnergyKvahExport","1.0.10.8.0.255","0","2"
"0fb9b0c0-bd32-4e20-a8dd-e474ca1385ba","5","3P","CumulativeEnergyKvahImport","1.0.9.8.0.255","0","2"
"b7c9593f-9331-4d8c-8ec1-caecc9edb396","5","3P","CumulativeEnergyKwhExport","1.0.2.8.0.255","1","2"
"ec49ce3f-a1d7-4800-9338-e6a8806a76a8","5","3P","CumulativeEnergyKwhImport","1.0.1.8.0.255","1","2"
"5493e7f6-171e-449d-a18d-5efac97fd7ca","5","3P","CumulativeTamperCount","0.0.94.91.0.255","1","2"
"27d5aa5e-1028-422e-90cf-7ef97e65f514","5","3P","EventId","0.0.96.11.0.255","1","2"
"c000feaf-158e-4f8c-bf17-9ebedcc7a69a","5","3P","Frequency","1.0.14.7.0.255","0","2"
"23b7e930-132b-45fa-9a11-75a199691910","5","3P","GenericEventLogSequenceNumber","0.0.96.15.e.255","1","2"
"c1fad0f2-ba92-49c1-a8e5-e2dadf503078","5","3P","NeutralCurrent","1.0.91.7.0.255","1","2"
"7a3f8749-2f4c-4ccb-9975-d76527eb4960","5","3P","RPhaseActiveCurrent","1.0.31.7.128.255","0","2"
"a9786494-1e8e-4229-8d78-d6c14022663b","5","3P","RPhaseCurrent","1.0.31.7.0.255","1","2"
"77b0c95f-3bbb-42df-8762-2996c7cb6348","5","3P","RPhasePowerFactor","1.0.33.7.0.255","1","2"
"db8da235-d51e-449b-a866-9b246830366e","5","3P","RPhaseVoltage","1.0.32.7.0.255","1","2"
"bdc6c340-f8a9-40dc-8a29-3529488dbf60","5","3P","RtcDateTime","0.0.1.0.0.255","1","2"
"bb0b14e4-2763-4bb4-8d50-a72a303deeb2","5","3P","SignedPowerFactor","1.0.13.7.0.255","1","2"
"ba2720a6-65b7-46dd-aeb2-f03be604a489","5","3P","Temperature","0.0.96.9.128.255","0","2"
"691cf68b-49d2-4efc-a420-9ba335547564","5","3P","YPhaseActiveCurrent","1.0.51.7.128.255","0","2"
"cbb9e759-d2f9-4e9a-87c8-c5a26ba3689e","5","3P","YPhaseCurrent","1.0.51.7.0.255","1","2"
"a791488a-5bd7-435d-b521-27a96e0f8945","5","3P","YPhasePowerFactor","1.0.53.7.0.255","1","2"
"85591c95-d8d7-443b-a530-bd02aad4f602","5","3P","YPhaseVoltage","1.0.52.7.0.255","1","2"
"0be9f662-58df-4e26-b76d-5ff21cc7f1c2","5","CT","BPhaseActiveCurrent","1.0.71.7.128.255","0","2"
"b8ca5ae8-06e7-41cb-b586-7d56f7da8856","5","CT","BPhaseCurrent","1.0.71.7.0.255","1","2"
"650234c2-eb2d-45a0-a7d6-a01f4d0a4f26","5","CT","BPhasePowerFactor","1.0.73.7.0.255","1","2"
"b9b2e0f9-d710-4183-9000-d8f852969c43","5","CT","BPhaseVoltage","1.0.72.7.0.255","1","2"
"e07c221d-fc51-4437-a056-8eebe9e69944","5","CT","CumulativeEnergyKvahExport","1.0.10.8.0.255","0","2"
"474f13e3-3130-4d0f-a253-3fbb55e64046","5","CT","CumulativeEnergyKvahImport","1.0.9.8.0.255","0","2"
"4f1faa21-0b41-4258-a98d-f9c30a0614bd","5","CT","CumulativeEnergyKwhExport","1.0.2.8.0.255","1","2"
"fb2fe9fd-bc30-4601-95d2-de69a4cff6e0","5","CT","CumulativeEnergyKwhImport","1.0.1.8.0.255","1","2"
"a18d9ef6-a0be-473a-b809-451b160858a1","5","CT","CumulativeTamperCount","0.0.94.91.0.255","1","2"
"ea375310-c297-452b-8ea0-4866028b4f88","5","CT","EventId","0.0.96.11.0.255","1","2"
"7d959a2c-87b9-4004-a809-5482e6c0f412","5","CT","Frequency","1.0.14.7.0.255","0","2"
"005aa7d7-b6f4-477b-af27-7170fb61057b","5","CT","GenericEventLogSequenceNumber","0.0.96.15.0.255","0","2"
"bb0ffaac-7750-4c6a-b2e0-6700836e1d19","5","CT","NeutralCurrent","1.0.91.7.0.255","0","2"
"ec799531-7829-439c-912d-0745468950ab","5","CT","RPhaseActiveCurrent","1.0.31.7.128.255","0","2"
"16376ad6-c5a7-4f4f-94f6-ca42938e939b","5","CT","RPhaseCurrent","1.0.31.7.0.255","1","2"
"a98ccb37-bf26-44b9-9939-74f1942341b6","5","CT","RPhasePowerFactor","1.0.33.7.0.255","1","2"
"7fd5360c-1a2b-4597-8270-3b3682b479cb","5","CT","RPhaseVoltage","1.0.32.7.0.255","1","2"
"2b0d6036-4448-42c7-9442-781eddb3c22c","5","CT","RtcDateTime","0.0.1.0.0.255","1","2"
"e902533f-c325-43f9-acac-bfd50e8ec1b7","5","CT","SignedPowerFactor","1.0.13.7.0.255","0","2"
"07b5cb48-10d8-45c9-9ee3-4cac4fb90613","5","CT","Temperature","0.0.96.9.128.255","0","2"
"ae95fe4b-7892-42d1-95d2-9d8ed1f3aa02","5","CT","YPhaseActiveCurrent","1.0.51.7.128.255","0","2"
"4c9807d7-8d80-4840-be70-9a9d853fd270","5","CT","YPhaseCurrent","1.0.51.7.0.255","1","2"
"c42390cc-1470-401e-8e0b-4f1ef3abf851","5","CT","YPhasePowerFactor","1.0.53.7.0.255","1","2"
"096883a5-9ffa-4f8a-ba4f-c42bf9fa248d","5","CT","YPhaseVoltage","1.0.52.7.0.255","1","2"
"f388974d-c4d5-4234-be31-a5faa86bf6d7","6","1P","CumulativeEnergyKwh","1.0.1.8.0.255","1","2"
"8df31e30-b3c2-4303-b7e5-9fc0bf7d1c0f","6","1P","CumulativeEnergyKwhExport","1.0.2.8.0.255","1","2"
"202f56ed-a744-47b6-b33a-d4973d27df1f","6","1P","CumulativeTamperCount","0.0.94.91.0.255","1","2"
"fc577b63-bf9a-47b9-8d83-63643a572993","6","1P","Current","1.0.94.91.14.255","1","2"
"7387f6b8-4e26-4116-a468-121ac976fea8","6","1P","EventId","0.0.96.11.0.255","1","2"
"8d5a1f48-ed76-4891-b5fd-ab9636f31216","6","1P","GenericEventLogSequenceNumber","0.0.96.15.e.255","1","2"
"a437b124-09c9-4a94-b127-a1cb89565265","6","1P","PowerFactor","1.0.13.7.0.255","1","2"
"34820ad5-ed14-44f4-ba03-c5c49890e7ea","6","1P","RtcDateTime","0.0.1.0.0.255","1","2"
"143bfbfb-1e74-434e-895f-4d8dd527d95d","6","1P","Voltage","1.0.12.7.0.255","1","2"
"c7e20fcb-4042-47d8-ba17-e78009d1792b","6","3P","BPhaseCurrent","1.0.71.7.0.255","1","2"
"7dcea99c-68b4-4238-b753-dbfe7f555de8","6","3P","BPhasePowerFactor","1.0.73.7.0.255","1","2"
"7b0bf991-0cc8-42a1-938f-e63c96b9ffb3","6","3P","BPhaseVoltage","1.0.72.7.0.255","1","2"
"ec7d2466-5d27-442f-8bf1-5a7cfb2675f9","6","3P","CumulativeEnergyKwhExport","1.0.2.8.0.255","1","2"
"8b1115ee-05f5-4d85-b6b6-1b48e03278d4","6","3P","CumulativeEnergyKwhImport","1.0.1.8.0.255","1","2"
"95335905-e80a-40e7-a172-365f2a7ccbb8","6","3P","CumulativeTamperCount","0.0.94.91.0.255","1","2"
"b509ccb0-d7b1-4731-8fd8-4bccac53006e","6","3P","EventId","0.0.96.11.0.255","1","2"
"53cabd73-dbe9-42eb-96a7-95f4f9c96ed0","6","3P","GenericEventLogSequenceNumber","0.0.96.15.e.255","1","2"
"8e4559e1-4453-4a23-8a18-1cc485d5e064","6","3P","NeutralCurrent","1.0.91.7.0.255","1","2"
"7ffeb44f-9d66-44e0-b736-aaee29d6dacd","6","3P","RPhaseCurrent","1.0.31.7.0.255","1","2"
"b305e410-9ca9-4cab-ac71-1e57dda72040","6","3P","RPhasePowerFactor","1.0.33.7.0.255","1","2"
"332c40dc-3256-4009-ac78-0f3c4b75579e","6","3P","RPhaseVoltage","1.0.32.7.0.255","1","2"
"266cb1a4-4b6f-423a-b2cf-521c18ff7fdc","6","3P","RtcDateTime","0.0.1.0.0.255","1","2"
"26530964-4491-4fc9-ad3a-05f630acc357","6","3P","SignedPowerFactor","1.0.13.7.0.255","1","2"
"51bcf015-1f7a-4855-9982-5c4223ff1756","6","3P","YPhaseCurrent","1.0.51.7.0.255","1","2"
"9d08e0c5-8bf9-415e-9eba-73054c39d1cd","6","3P","YPhasePowerFactor","1.0.53.7.0.255","1","2"
"11e96ac7-8763-4ceb-9b8a-1c84f7a81089","6","3P","YPhaseVoltage","1.0.52.7.0.255","1","2"
"eda00a0a-93b3-4dd9-85a9-80bfeb83724e","6","CT","BPhaseActiveCurrent","1.0.71.7.128.255","0","2"
"7e1610ec-12e4-4311-ab9a-72a8d90a6654","6","CT","BPhaseCurrent","1.0.71.7.0.255","1","2"
"d4d13250-d0de-465d-9f4e-9bb61c3f31a4","6","CT","BPhasePowerFactor","1.0.73.7.0.255","1","2"
"31f3fca7-5319-4f8c-a13d-2d603f9c7682","6","CT","BPhaseVoltage","1.0.72.7.0.255","1","2"
"32bdfd03-54e7-4fe3-8c2d-db3af22190e0","6","CT","CumulativeEnergyKvahExport","1.0.10.8.0.255","0","2"
"143289e7-9388-4a6e-9f7e-2cd70fd06b2a","6","CT","CumulativeEnergyKvahImport","1.0.9.8.0.255","0","2"
"1d16403e-66b2-41da-ab6c-af2a9eb5324e","6","CT","CumulativeEnergyKwhExport","1.0.2.8.0.255","1","2"
"ace1a46b-0df5-4790-8c30-98ab8d3b99f7","6","CT","CumulativeEnergyKwhImport","1.0.1.8.0.255","1","2"
"45fd1718-5ef9-4b7f-ab55-084f808fe606","6","CT","CumulativeTamperCount","0.0.94.91.0.255","1","2"
"ec7f70e6-7801-40ee-870f-10f248d094ba","6","CT","EventId","0.0.96.11.0.255","1","2"
"6b221bc4-1d70-4408-bfc7-dd485a3e1601","6","CT","GenericEventLogSequenceNumber","0.0.96.15.e.255","1","2"
"15fb1f3c-5b62-4a93-9c2d-d80ed5179220","6","CT","NeutralCurrent","1.0.91.7.0.255","0","2"
"0445406b-64f1-4108-970c-a804a6681844","6","CT","RPhaseActiveCurrent","1.0.31.7.128.255","0","2"
"eecb1ea8-83e3-477c-8746-c4e6219d6e6f","6","CT","RPhaseCurrent","1.0.31.7.0.255","1","2"
"34820d11-59e7-46f5-88aa-d88a2441e508","6","CT","RPhasePowerFactor","1.0.33.7.0.255","1","2"
"2e8f2871-2b09-47c3-8ca0-002fa81f700e","6","CT","RPhaseVoltage","1.0.32.7.0.255","1","2"
"f6ef9c87-ee3f-462c-98b0-ddba68937163","6","CT","RtcDateTime","0.0.1.0.0.255","1","2"
"1d7e23e3-65e6-470e-83c3-a4faf6d5f7fb","6","CT","SignedPowerFactor","1.0.13.7.0.255","0","2"
"e70e3b72-6631-4c33-85a0-a00d1da9e5b1","6","CT","Temperature","0.0.96.9.128.255","0","2"
"7bef8599-27e2-40da-adf5-4a68bbce686c","6","CT","YPhaseActiveCurrent","1.0.51.7.128.255","0","2"
"1c56d663-d2c4-4588-ab79-e6f90c63490c","6","CT","YPhaseCurrent","1.0.51.7.0.255","1","2"
"273b4a78-aa78-4874-beae-4c49c0fd8fb3","6","CT","YPhasePowerFactor","1.0.53.7.0.255","1","2"
"cc65861f-24e2-44e7-93da-c52e37d93f74","6","CT","YPhaseVoltage","1.0.52.7.0.255","1","2"
"73f09ba6-7a35-44e1-af84-d6ca5c6d8d15","7","1P","ActivateCalendar","0.0.13.0.0.255","0","2"
"00dd02d9-f3fb-404d-9b3e-26994228abc3","7","1P","ConnectDisconnect","0.0.96.3.10.255","0","2"
"c1691ce7-88d6-4531-8940-fb9bcc965634","7","1P","DisableRelayOperation","0.0.96.3.10.255","0","2"
"082380ce-e28f-4eb2-b083-694d5ba6df19","7","1P","FirmwareUpgrade","0.0.44.0.0.255","0","2"
"9af70ed1-cb1c-421d-b1fe-d97577a3e53b","7","1P","GetActivityCalendarName","0.0.13.0.0.255","0","2"
"b7b76a53-fc44-4d70-9c50-3f6f3f19bab8","7","1P","GetAllPrepaidParameters","","0","2"
"e5337ee3-4846-4b4f-87f9-6a0b90aa6a62","7","1P","GetBillingProfile","1.0.98.1.0.255","0","2"
"9b32f63b-c1d9-4230-8399-2f6fbf8b609f","7","1P","GetBlockLoadProfile","1.0.99.1.0.255","0","2"
"abe03588-74bc-47d5-a559-ff875e4ffddb","7","1P","GetBlockLoadProfileInternal","1.0.99.1.0.255","0","2"
"fa5bd3dd-4cf1-420d-a5a7-c2cf16b5bb5a","7","1P","GetCalendarActivationDate","0.0.13.0.0.255","0","2"
"489c0ff7-a977-4b2a-b393-f86c114a9bba","7","1P","GetCalendarTOD","0.0.13.0.0.255","0","2"
"540f7f6e-7707-4dfa-a0eb-5ca0c9601d79","7","1P","GetCurrentBalanceTime","0.0.94.96.25.255","0","2"
"59f331e3-a4d2-41e8-b819-8d21c6ced82e","7","1P","GetCurrentLimit","1.0.94.91.128.255","0","2"
"455afcad-6dd1-4aec-b393-2c445022f1f2","7","1P","GetDailyLoadProfile","1.0.99.2.0.255","0","2"
"d493f351-279e-433a-80d1-f9b70c006dd8","7","1P","GetDemandIntegrationPeriod","1.0.0.8.0.255","0","2"
"fc215f10-b347-4c13-83fa-03995fdf3052","7","1P","GetDiagnosticData","","0","2"
"2a4709f3-158d-4f13-bae7-209c466ef455","7","1P","GetDIData","","0","2"
"97282835-fa3d-4984-b936-fea8a5aee799","7","1P","GetESWF","0.0.94.91.18.255","0","2"
"2e76e28a-2ff3-42d0-ba3b-fd658ff42531","7","1P","GetGPRSNetworkInformation","0.0.96.12.131.255","1","2"
"af63da5c-ee39-48d3-b0e8-fa4747e7327f","7","1P","GetInstantaneousEvent","0.0.96.11.2.255","0","2"
"43d6f34d-353f-4e7e-89dc-0159184c3d76","7","1P","GetInstantCapturePeriod","0.0.15.0.4.255","0","2"
"1a38e98c-c78f-47b3-b3a2-f2efffb5a35b","7","1P","GetInstantProfile","1.0.94.91.0.255","0","2"
"9f4510d1-c114-45af-8c6c-32ae361ad3ca","7","1P","GetInternalFWVersion","1.0.128.2.0.255","0","2"
"36c72673-28ca-43a5-ac98-a9661918182b","7","1P","GetLastRechargeAmount","0.0.94.96.21.255","0","2"
"bd51fddf-3bfd-4a24-abcf-f38be3ce1804","7","1P","GetLastRechargeTime","0.0.94.96.22.255","0","2"
"495c66dc-87c7-4eb2-95c5-da033177e96f","7","1P","GetLoadCurtailmentIntervalTime","0.128.128.0.1.255","0","2"
"033c1004-7662-49a8-8144-8fb64aa3b9c6","7","1P","GetLoadCurtailmentReconnectionAttempts","0.128.128.0.4.255","0","2"
"55ce0e51-c849-4592-a047-1a0930156f72","7","1P","GetLoadLimit","0.0.17.0.0.255","0","2"
"e2b0720d-373e-49a6-86da-36ae7b0ae0a8","7","1P","GetLoadLimitEmergency","0.0.17.0.0.255","0","2"
"50b7a668-db02-4277-b5af-91ce2b1f6992","7","1P","GetLockoutPeriod","0.128.128.0.3.255","0","2"
"a4d75e08-a8ce-47d3-89cd-32fd5771c182","7","1P","GetMaxNumberOfTOU","0.0.94.91.17.255","0","2"
"8d568fc8-ac6f-4d49-a617-db319a357ceb","7","1P","GetMeterBatteryHealth","0.0.1.0.0.255","0","2"
"999ca008-5b43-497e-8821-d5713da7a521","7","1P","GetMeterType","1.0.0.2.0.255","0","2"
"d6b8c3b8-d518-4793-a693-571cc902ca31","7","1P","GetNamePlate","0.0.94.91.10.255","0","2"
"fb399d39-b752-435e-8dc1-4992cc0467cb","7","1P","GetNetMeteringConfiguration","0.0.94.91.20.255","0","2"
"3f01fee0-916d-4b65-b826-7cf1b93c8f2f","7","1P","GetNetMeteringMode","0.0.94.96.19.255","0","2"
"87266c68-d8ef-4b37-a9e4-e18cbe8c8c52","7","1P","GetPaymentMode","0.0.94.96.20.255","0","2"
"1f8258d7-8a20-4b67-83e5-0f0e2ea41ac6","7","1P","GetPrepaidBalance","0.0.94.96.24.255","0","2"
"e2bdb9bd-1e5f-45ed-a617-b753f4cbed02","7","1P","GetProfileCapturePeriod","1.0.0.8.4.255","0","2"
"c07fd681-7841-4dd6-a480-ca482290da92","7","1P","GetProfileTotalEntries","","0","2"
"269b70bc-755c-499b-9545-6abe523d9636","7","1P","GetRelayStatus","0.0.96.3.10.255","0","2"
"73f791ad-ea81-48dd-a689-91e75d50b096","7","1P","GetRTC","0.0.1.0.0.255","0","2"
"6bdaf67b-ff16-40f0-9105-1b42b2d01c6b","7","1P","GetSingleActionSchedule","0.0.15.0.0.255","0","2"
"5cb957f9-c0c9-47bc-9d7e-416735d885dd","7","1P","GetStoredIPData","","0","2"
"fae35e74-d91b-4ff1-ab84-331ac55a8e01","7","1P","GetTamperOccurrenceInterval","0.128.128.0.5.255","0","2"
"08cf9d27-aade-4992-92af-465d0169829c","7","1P","GetTamperRestorationInterval","0.128.128.0.6.255","0","2"
"dbaf75aa-755a-444d-8891-e0c0bf88c3d5","7","1P","GetTotalAmountAtLastRecharge","0.0.94.96.23.255","0","2"
"a49ed5b9-a9f7-4c67-9025-03cc905479cc","7","1P","GRBlockLoadProfile","1.0.99.1.0.255","0","2"
"17f82843-5df8-49d4-9e95-234adbd9a6f8","7","1P","NicConfig","","0","2"
"5337c0a9-a53b-4e2e-965e-976c0c765d85","7","1P","PingMeter","","0","2"
"7331d0f4-d24a-4e8b-bc09-7c9355cbf94f","7","1P","SetActivityCalendarName","0.0.13.0.0.255","0","2"
"fc0cc185-b8e2-4fba-8a7f-ea9bccf7c535","7","1P","SetCalendarActivationDate","0.0.13.0.0.255","0","2"
"79c7ef5a-3cbb-4773-a73f-4b78d9770066","7","1P","SetCalendarTOD","0.0.13.0.0.255","0","2"
"d335d65a-3a1b-4fc2-be31-8d7561584a6d","7","1P","SetCurrentBalanceTime","0.0.94.96.25.255","0","2"
"49a95219-7584-40c7-b8b4-88f4fd496009","7","1P","SetCurrentLimit","1.0.94.91.128.255","0","2"
"5b077a26-9f24-49ce-8449-03741b5be33b","7","1P","SetDemandIntegrationPeriod","1.0.0.8.0.255","0","2"
"4746f55b-dc29-4253-bdfa-b73c5b9ffdad","7","1P","SetESWFChange","0.0.94.91.18.255","0","2"
"fd01ea16-b239-45c1-887e-8bd3e5dec309","7","1P","SetGlobalKeyChange","0.0.43.0.3.255","0","2"
"1d65c578-f0dc-4854-924a-cc8bf715f6f4","7","1P","SetHLSKeyFWChange","0.0.40.0.5.255","0","2"
"68f2253e-a5df-4ca0-9d3c-aff879f0d8e3","7","1P","SetHLSKeyUSChange","0.0.40.0.3.255","0","2"
"007ac19e-4678-40d1-98e8-95ffb02a03a7","7","1P","SetInstantCapturePeriod","0.0.15.0.4.255","0","2"
"95811ae7-1718-4413-a876-e5ffdfa0098c","7","1P","SetLastRechargeAmount","0.0.94.96.21.255","0","2"
"bb6ca8f4-51e1-4bb9-8839-57f67015a77f","7","1P","SetLastRechargeTime","0.0.94.96.22.255","0","2"
"9c532b03-9350-4995-9734-edfeed96234a","7","1P","SetLLSSecretMRChange","0.0.40.0.2.255","0","2"
"d41b3684-6bad-4c64-a6e8-492767524221","7","1P","SetLoadCurtailmentIntervalTime","0.128.128.0.1.255","0","2"
"7cf502dc-9600-4d2b-8b13-6a39e102ee1e","7","1P","SetLoadCurtailmentReconnectionAttempts","0.128.128.0.4.255","0","2"
"5d8d1a0c-a753-47a2-9dad-a8c9532b0929","7","1P","SetLoadLimit","0.0.17.0.0.255","0","2"
"c8420d96-94ea-4c89-bfa2-d8d3220cd545","7","1P","SetLoadLimitEmergency","0.0.17.0.0.255","0","2"
"fc0f7f8d-ffe5-45a0-bfe2-af639d996571","7","1P","SetLockoutPeriod","0.128.128.0.3.255","0","2"
"7526604d-125f-4c75-abbf-854e1de377f2","7","1P","SetMaxNumberOfTOU","0.0.94.91.17.255","0","2"
"281ea493-03cb-4105-8f47-1f26a14e1910","7","1P","SetMDReset","0.0.10.0.1.255","0","2"
"d3d292fa-d749-496d-b39b-c113ee882e99","7","1P","SetNetMeteringConfiguration","0.0.94.91.20.255","0","2"
"3608e0b9-eff9-4cdd-add9-2e1d3d893b0f","7","1P","SetNetMeteringMode","0.0.94.96.19.255","0","2"
"d3328bb0-016b-42e7-af3e-4bd09112f6ec","7","1P","SetPassiveRelayTime","1.0.96.128.30.255","1","2"
"f135c4d6-4300-4b6b-903c-28cd9febe233","7","1P","SetPaymentMode","0.0.94.96.20.255","0","2"
"02ce62da-776b-4307-b520-16d3054a2351","7","1P","SetPrepaidBalance","0.0.94.96.24.255","0","2"
"212ce965-5193-40dd-9d72-3d1d0e548d52","7","1P","SetProfileCapturePeriod","1.0.0.8.4.255","0","2"
"d9792ae2-067f-48f8-a08a-f4b701c43656","7","1P","SetRelayBit","0.128.128.0.9.255","0","2"
"f6fd03e0-c333-42f9-ba62-ab80fa646d5e","7","1P","SetRTC","0.0.1.0.0.255","0","2"
"e75c8f80-59f9-4176-928e-53ffac656cf3","7","1P","SetSingleActionSchedule","0.0.15.0.0.255","0","2"
"b7478039-c08e-44fe-a5b4-58427673e08f","7","1P","SetTamperOccurrenceInterval","0.128.128.0.5.255","0","2"
"773013a1-41f3-4aab-84bf-080305bb18f5","7","1P","SetTamperRestorationInterval","0.128.128.0.6.255","0","2"
"de65efad-15d6-49f5-a77e-4612fd00a6ca","7","1P","SetTotalAmountAtLastRecharge","0.0.94.96.23.255","0","2"
"88245642-09c2-4eef-b568-d123c425cac3","7","1P","SyncRTC","","0","2"
"bc7e7a93-89bb-479f-8510-8cd6a6072679","7","3P","ActivateCalendar","0.0.13.0.0.255","0","2"
"54af901a-b797-4964-9aae-420ff789470b","7","3P","ConnectDisconnect","0.0.96.3.10.255","0","2"
"eef91da4-db62-43ef-bc53-bf31f47ed78c","7","3P","DisableRelayOperation","0.0.96.3.10.255","0","2"
"b2cf2f66-78db-4d47-804b-da2f42b556a5","7","3P","FirmwareUpgrade","0.0.44.0.0.255","0","2"
"a1e1d663-2022-4e4b-a710-22be5853793f","7","3P","GetActivityCalendarName","0.0.13.0.0.255","0","2"
"22bb32c8-bd93-4973-a15d-26f78c24ec2b","7","3P","GetAllPrepaidParameters","","0","2"
"7fbec7f4-916c-47a8-b476-4822beb3894e","7","3P","GetBillingProfile","1.0.98.1.0.255","0","2"
"a9c9c71e-829d-4e1d-bba9-8234cb6bd0dd","7","3P","GetBlockLoadProfile","1.0.99.1.0.255","0","2"
"e2931fbc-f4e1-4eef-ae4d-88fb33a4e0f5","7","3P","GetBlockLoadProfileInternal","1.0.99.1.0.255","0","2"
"9ebd3331-1839-4ceb-8ffd-0e502e2c36ef","7","3P","GetCalendarActivationDate","0.0.13.0.0.255","0","2"
"1d78bf91-cca0-455b-bc85-e27996a7f211","7","3P","GetCalendarTOD","0.0.13.0.0.255","0","2"
"a9b348c5-3b45-48f6-b15b-aab4222c9faa","7","3P","GetCurrentBalanceTime","0.0.94.96.25.255","0","2"
"b982daf6-6a7f-4cea-8b84-02c0302b2636","7","3P","GetCurrentLimit","1.0.94.91.128.255","0","2"
"57db7688-5870-41f4-86b4-5aee872f512c","7","3P","GetDailyLoadProfile","1.0.99.2.0.255","0","2"
"a3e0171c-b8f6-4fea-835f-5babce88d468","7","3P","GetDemandIntegrationPeriod","1.0.0.8.0.255","0","2"
"dff15641-f01b-42ad-bd59-2b442fbf1e8c","7","3P","GetDiagnosticData","","0","2"
"9e90c3d5-6116-4e3b-a836-392ad12c176d","7","3P","GetDIData","","0","2"
"c8dc4944-36bd-40e2-be70-e889d3317c2d","7","3P","GetESWF","0.0.94.91.18.255","0","2"
"71a5628d-df5b-4284-9257-1f30480d0036","7","3P","GetGPRSNetworkInformation","0.0.96.12.131.255","1","2"
"35900062-bb23-4c4f-b3cb-af5884e7eb36","7","3P","GetInstantaneousEvent","0.0.96.11.2.255","0","2"
"19fba485-ab56-4f11-b867-ff3b3f335be1","7","3P","GetInstantCapturePeriod","0.0.15.0.4.255","0","2"
"9dc65604-3732-44a9-8803-621eabe760eb","7","3P","GetInstantProfile","1.0.94.91.0.255","0","2"
"4a7abed2-536f-40e4-b9e3-6eb01ee211ff","7","3P","GetInternalFWVersion","1.0.128.2.0.255","0","2"
"9c576ccc-6fc2-43db-9854-4fe4c3bc8ad4","7","3P","GetLastRechargeAmount","0.0.94.96.21.255","0","2"
"f2d83fc9-435f-4947-b017-abec53e39a62","7","3P","GetLastRechargeTime","0.0.94.96.22.255","0","2"
"4fa24999-5213-4588-a00e-0f1dfa81519b","7","3P","GetLoadCurtailmentIntervalTime","0.128.128.0.1.255","0","2"
"c8607050-2520-482d-bc92-c4aaa53a286c","7","3P","GetLoadCurtailmentReconnectionAttempts","0.128.128.0.4.255","0","2"
"93e17e42-781f-442a-9830-451bdc0a292f","7","3P","GetLoadLimit","0.0.17.0.0.255","0","2"
"8542981b-62b2-4861-bc54-7680af381a0c","7","3P","GetLoadLimitEmergency","0.0.17.0.0.255","0","2"
"12fecd34-1d2e-42a7-98e8-35ae5b6b4a30","7","3P","GetLockoutPeriod","0.128.128.0.3.255","0","2"
"d69c884b-0bf1-4ff7-8859-11963ee554c3","7","3P","GetMaxNumberOfTOU","0.0.94.91.17.255","0","2"
"cb7c24ed-a982-40bb-9540-921dbd121fdd","7","3P","GetMeterBatteryHealth","0.0.1.0.0.255","0","2"
"4cdad6f3-ec7a-4f49-ac6f-051dbceae978","7","3P","GetMeterType","1.0.0.2.0.255","0","2"
"8805d215-b737-43eb-b0da-99faa3f6d4e6","7","3P","GetNamePlate","0.0.94.91.10.255","0","2"
"054531a6-3578-438c-a377-fef44cd23da7","7","3P","GetNetMeteringConfiguration","0.0.94.91.20.255","0","2"
"d188e98e-f99d-43cb-8057-272a9949ab52","7","3P","GetNetMeteringMode","0.0.94.96.19.255","0","2"
"0f740090-f9a2-4cc0-97d9-ca4999fe0a07","7","3P","GetPaymentMode","0.0.94.96.20.255","0","2"
"cd88e000-ba9d-46a4-804e-30f3008ba90d","7","3P","GetPrepaidBalance","0.0.94.96.24.255","0","2"
"474bf544-963d-47bd-b8f4-74bbb9f6cf0f","7","3P","GetProfileCapturePeriod","1.0.0.8.4.255","0","2"
"6dc3215d-216a-4d91-8c29-1e5c4c716407","7","3P","GetProfileTotalEntries","","0","2"
"670f2ebb-1569-4098-9b1c-586becf4840b","7","3P","GetRelayStatus","0.0.96.3.10.255","0","2"
"1d5a59d7-b037-494b-99fe-e2ed81d8d726","7","3P","GetRTC","0.0.1.0.0.255","0","2"
"ebdda489-705a-46c8-81df-2021a706ce57","7","3P","GetSingleActionSchedule","0.0.15.0.0.255","0","2"
"ade0a2b9-4800-4548-a802-10ad4c3cbe45","7","3P","GetStoredIPData","","0","2"
"bccf8c5b-d62f-4378-9dac-f94485ac5eef","7","3P","GetTamperOccurrenceInterval","0.128.128.0.5.255","0","2"
"53e4da62-beaa-415f-be83-4d7133cc4ead","7","3P","GetTamperRestorationInterval","0.128.128.0.6.255","0","2"
"5445e943-70bc-4f97-9b59-a36c3b4382e2","7","3P","GetTotalAmountAtLastRecharge","0.0.94.96.23.255","0","2"
"f0dac185-da55-4138-aa1a-2123e63e23c2","7","3P","GRBlockLoadProfile","1.0.99.1.0.255","0","2"
"2a0bb2f4-7263-4f60-a74c-756fc0f7db39","7","3P","NicConfig","","0","2"
"4d8a4882-385f-4670-9cba-5c0ec2f6f7e2","7","3P","PingMeter","","0","2"
"7ff09976-f8c6-4378-ad3b-5b6f999fb410","7","3P","SetActivityCalendarName","0.0.13.0.0.255","0","2"
"2e2782d1-e0dc-4cb4-acab-f329ee5b9d69","7","3P","SetCalendarActivationDate","0.0.13.0.0.255","0","2"
"d68d6724-0ff9-4cf8-8f64-4e31f21cfaa9","7","3P","SetCalendarTOD","0.0.13.0.0.255","0","2"
"d4fa63f0-3e23-4d48-af2a-2db87e3e8dd4","7","3P","SetCurrentBalanceTime","0.0.94.96.25.255","0","2"
"3f7944d0-092e-4d3d-b05f-7bdccee68dfe","7","3P","SetCurrentLimit","1.0.94.91.128.255","0","2"
"bfa84bbf-41ce-4204-a865-2acc904fa7e6","7","3P","SetDemandIntegrationPeriod","1.0.0.8.0.255","0","2"
"3d485360-6299-4224-8c0a-114fa6ed31a7","7","3P","SetESWFChange","0.0.94.91.18.255","0","2"
"c2fa372c-5a0a-482a-96e7-1ef166b675b6","7","3P","SetGlobalKeyChange","0.0.43.0.3.255","0","2"
"8c52649d-224d-4605-806a-7f338acadc43","7","3P","SetHLSKeyFWChange","0.0.40.0.5.255","0","2"
"d127d17c-bd20-442d-8504-00971e7ec0b7","7","3P","SetHLSKeyUSChange","0.0.40.0.3.255","0","2"
"f3e3edc5-90e2-4978-8097-ce9b389312c6","7","3P","SetInstantCapturePeriod","0.0.15.0.4.255","0","2"
"7e366f9f-bf50-4059-90dd-6d6220a1a4de","7","3P","SetLastRechargeAmount","0.0.94.96.21.255","0","2"
"7caa7375-afc0-4b64-bcc8-43eceb7ef82b","7","3P","SetLastRechargeTime","0.0.94.96.22.255","0","2"
"c1efca07-0e0e-4cf5-9643-be7de19ef3d1","7","3P","SetLLSSecretMRChange","0.0.40.0.2.255","0","2"
"15ffa7aa-f974-4a60-aca0-d5e314196486","7","3P","SetLoadCurtailmentIntervalTime","0.128.128.0.1.255","0","2"
"a8858e36-23e5-4067-94d9-21d52ea4fed0","7","3P","SetLoadCurtailmentReconnectionAttempts","0.128.128.0.4.255","0","2"
"88888714-5126-4703-8940-73b12b1dd99a","7","3P","SetLoadLimit","0.0.17.0.0.255","0","2"
"e1ae8886-afca-4422-a401-d465a1d81a06","7","3P","SetLoadLimitEmergency","0.0.17.0.0.255","0","2"
"66920599-07dc-44f2-b067-61a851954af5","7","3P","SetLockoutPeriod","0.128.128.0.3.255","0","2"
"903a600a-3cbd-4a9c-8d52-6acdd8970588","7","3P","SetMaxNumberOfTOU","0.0.94.91.17.255","0","2"
"68b22ac5-ff3f-416a-8eef-64bae3437134","7","3P","SetMDReset","0.0.10.0.1.255","0","2"
"d23c3fda-cd6b-4bd8-942f-81ef7374bc6c","7","3P","SetNetMeteringConfiguration","0.0.94.91.20.255","0","2"
"2b0c59c3-4a19-416a-84f2-ceda556911a3","7","3P","SetNetMeteringMode","0.0.94.96.19.255","0","2"
"37cfed37-88c8-4f35-bf6c-83b07705de53","7","3P","SetPassiveRelayTime","1.0.96.128.30.255","1","2"
"451e701d-fab1-4716-beb0-551f4bc726e2","7","3P","SetPaymentMode","0.0.94.96.20.255","0","2"
"2385cf32-bbd5-4a44-8f7c-88c6babdbb9c","7","3P","SetPrepaidBalance","0.0.94.96.24.255","0","2"
"34ce14f5-69b4-4274-a594-f6226175a4d1","7","3P","SetProfileCapturePeriod","1.0.0.8.4.255","0","2"
"45ec9885-ab2b-4a91-8eac-359ade669008","7","3P","SetRelayBit","0.128.128.0.9.255","0","2"
"b0f13d50-fafb-45ef-91a9-7c84a94bf940","7","3P","SetRTC","0.0.1.0.0.255","0","2"
"9001ff85-3893-4462-8dbf-87be66f4af62","7","3P","SetSingleActionSchedule","0.0.15.0.0.255","0","2"
"3967534c-0ca1-4c3f-a76d-33dc2fb55ded","7","3P","SetTamperOccurrenceInterval","0.128.128.0.5.255","0","2"
"7d8836c0-a914-45c8-8f6f-fcd76175502f","7","3P","SetTamperRestorationInterval","0.128.128.0.6.255","0","2"
"57a648b8-710d-4802-9e1a-52379804d3ce","7","3P","SetTotalAmountAtLastRecharge","0.0.94.96.23.255","0","2"
"d7192845-eeab-48cd-94ea-4e8b2283c584","7","3P","SyncRTC","","0","2"
"4fa29150-f11a-46f5-a3e1-ba88722628ac","7","CT","ActivateCalendar","0.0.13.0.0.255","0","2"
"acfcc553-8103-49b5-af65-b70ddde936ce","7","CT","ConnectDisconnect","0.0.96.3.10.255","0","2"
"1f7e794d-526b-4199-95d0-3cf3df4419c1","7","CT","DisableRelayOperation","0.0.96.3.10.255","0","2"
"28f13070-2cf7-4d66-838d-96f7feeb4b2e","7","CT","FirmwareUpgrade","0.0.44.0.0.255","0","2"
"39da132b-4f9b-4317-b3e0-5f9830f191aa","7","CT","GetActivityCalendarName","0.0.13.0.0.255","0","2"
"3562ddf3-8630-4993-81bc-aaa8ae228011","7","CT","GetAllPrepaidParameters","","0","2"
"5673000d-c873-4176-a800-f4ac32f9ec2b","7","CT","GetBillingProfile","1.0.98.1.0.255","0","2"
"cbedd503-780a-48eb-8f8e-eba36d7ac724","7","CT","GetBlockLoadProfile","1.0.99.1.0.255","0","2"
"d7d53be9-70b7-4bf3-be8e-22d00008a461","7","CT","GetBlockLoadProfileInternal","1.0.99.1.0.255","0","2"
"98f18ca5-8ff6-4027-8fc1-ed2704179a19","7","CT","GetCalendarActivationDate","0.0.13.0.0.255","0","2"
"8f5bf273-80d5-4ded-a34d-53ad264b777e","7","CT","GetCalendarTOD","0.0.13.0.0.255","0","2"
"89568086-3c7e-45a6-99bb-0170d045be6f","7","CT","GetCurrentBalanceTime","0.0.94.96.25.255","0","2"
"d481cba9-f064-4412-86f5-526a32da966e","7","CT","GetCurrentLimit","1.0.94.91.128.255","0","2"
"0943844e-21f9-4e2e-a893-c9d5c87ee295","7","CT","GetDailyLoadProfile","1.0.99.2.0.255","0","2"
"b4212c8f-548e-4675-a7ae-88da12f9c27f","7","CT","GetDemandIntegrationPeriod","1.0.0.8.0.255","0","2"
"a6fcedd9-3541-4943-8de1-6277100c527d","7","CT","GetDiagnosticData","","0","2"
"73afc833-3b6e-4446-809e-afcabe574031","7","CT","GetDIData","","0","2"
"50cf4ceb-4306-4998-832a-c1224b205ea0","7","CT","GetESWF","0.0.94.91.18.255","0","2"
"12b0f235-f7e7-49fe-ad6d-feafb54f5ba9","7","CT","GetGPRSNetworkInformation","0.0.96.12.131.255","1","2"
"99b7227a-d633-4749-abf7-91c75862042e","7","CT","GetInstantaneousEvent","0.0.96.11.2.255","0","2"
"35d51e75-ae8b-48e7-b63f-490eeccf1a4d","7","CT","GetInstantCapturePeriod","0.0.15.0.4.255","0","2"
"75220804-0f84-4194-89b3-1fbb1e1555e5","7","CT","GetInstantProfile","1.0.94.91.0.255","0","2"
"d92941d7-fb4f-4fb3-86e6-77d590f1ff4f","7","CT","GetInternalFWVersion","1.0.128.2.0.255","0","2"
"ef26e0ab-bd21-4bbb-85a7-41ec8aa0885b","7","CT","GetLastRechargeAmount","0.0.94.96.21.255","0","2"
"6e82f06d-ecda-4b39-990c-b8f328e4dde1","7","CT","GetLastRechargeTime","0.0.94.96.22.255","0","2"
"5fcb24eb-9e6f-462a-b1aa-ef56d8fba220","7","CT","GetLoadCurtailmentIntervalTime","0.128.128.0.1.255","0","2"
"ce427e73-960d-430e-b243-710d46207583","7","CT","GetLoadCurtailmentReconnectionAttempts","0.128.128.0.4.255","0","2"
"f8f249dc-a189-4081-9f6c-59fb8b382c8e","7","CT","GetLoadLimit","0.0.17.0.0.255","0","2"
"70341eba-9d4c-4b75-8e1c-492f95c41719","7","CT","GetLoadLimitEmergency","0.0.17.0.0.255","0","2"
"adeb1ede-607e-4297-a15a-f00d3ac052d6","7","CT","GetLockoutPeriod","0.128.128.0.3.255","0","2"
"6c9e878c-d901-487f-8688-8a1cf470b52e","7","CT","GetMaxNumberOfTOU","0.0.94.91.17.255","0","2"
"f176e4a5-17cb-4064-8a83-7fa4b36cc894","7","CT","GetMeterBatteryHealth","0.0.1.0.0.255","0","2"
"e711e325-6f96-4131-ab8a-29642fa92a37","7","CT","GetMeterType","1.0.0.2.0.255","0","2"
"f040dae7-c5b8-4ac2-8a8b-873d56e697f6","7","CT","GetNamePlate","0.0.94.91.10.255","0","2"
"08884d30-8fde-4e1b-9240-2d6daf7a0556","7","CT","GetNetMeteringConfiguration","0.0.94.91.20.255","0","2"
"3069c3e3-5b09-4eb8-bd4e-9721173dcc77","7","CT","GetNetMeteringMode","0.0.94.96.19.255","0","2"
"ecc9e936-1255-4037-b977-2c001cf8d41d","7","CT","GetPaymentMode","0.0.94.96.20.255","0","2"
"409bcaf7-e379-4416-abda-7aa8f9b229c8","7","CT","GetPrepaidBalance","0.0.94.96.24.255","0","2"
"b20e5866-5459-41f7-a953-e280f49454e0","7","CT","GetProfileCapturePeriod","1.0.0.8.4.255","0","2"
"e390a894-dd51-452d-8fe6-c50afd917eef","7","CT","GetProfileTotalEntries","","0","2"
"146eb2bb-98c9-476d-9acb-f4410d2ed0a2","7","CT","GetRelayStatus","0.0.96.3.10.255","0","2"
"e9ec8427-e7ad-4a94-886d-3e8cfb235ee4","7","CT","GetRTC","0.0.1.0.0.255","0","2"
"dab6cd1b-4c93-495f-a3da-3cb08dd505ea","7","CT","GetSingleActionSchedule","0.0.15.0.0.255","0","2"
"d0494602-432b-44b8-8952-eaa5858758ab","7","CT","GetStoredIPData","","0","2"
"13b56c9e-d283-4a68-b398-fe0801680f3a","7","CT","GetTamperOccurrenceInterval","0.128.128.0.5.255","0","2"
"454eba05-160f-4dc5-9ac9-540e08f37e20","7","CT","GetTamperRestorationInterval","0.128.128.0.6.255","0","2"
"e059bb9e-c593-418b-91c0-e774418740eb","7","CT","GetTotalAmountAtLastRecharge","0.0.94.96.23.255","0","2"
"07846e4d-c9f8-4147-aff6-cdbd6e1e252f","7","CT","GRBlockLoadProfile","1.0.99.1.0.255","0","2"
"fdc61d53-dc07-45bb-a022-53f8a759e3cb","7","CT","NicConfig","","0","2"
"ff1e95c3-cd3e-408a-90c0-b6859330ac3b","7","CT","PingMeter","","0","2"
"9da48495-275d-4706-8f54-6f5644437b0b","7","CT","SetActivityCalendarName","0.0.13.0.0.255","0","2"
"e2053ef4-60ea-4b48-9f15-f5d8874db757","7","CT","SetCalendarActivationDate","0.0.13.0.0.255","0","2"
"ffb83190-c809-4fa6-b9d2-6bdfed0fba5b","7","CT","SetCalendarTOD","0.0.13.0.0.255","0","2"
"c404ca85-ba69-413f-987f-fe450aaa6a33","7","CT","SetCurrentBalanceTime","0.0.94.96.25.255","0","2"
"8a600f36-3130-49f3-83ad-6fb29148acb6","7","CT","SetCurrentLimit","1.0.94.91.128.255","0","2"
"dfc1aa54-b889-40b6-b84a-cb5eeaf64927","7","CT","SetDemandIntegrationPeriod","1.0.0.8.0.255","0","2"
"70e89b2d-948f-498d-aee2-145370c59d4a","7","CT","SetESWFChange","0.0.94.91.18.255","0","2"
"221d90ea-5d4b-442c-83a0-43879964d89d","7","CT","SetGlobalKeyChange","0.0.43.0.3.255","0","2"
"d6929492-21a9-4c27-88bb-a33d64772e8c","7","CT","SetHLSKeyFWChange","0.0.40.0.5.255","0","2"
"913ace34-2bdf-499b-a8d5-0b40a5c24ff8","7","CT","SetHLSKeyUSChange","0.0.40.0.3.255","0","2"
"a22e9efd-4534-490a-8b1c-d8058fb2d072","7","CT","SetInstantCapturePeriod","0.0.15.0.4.255","0","2"
"140bb171-1c88-4323-b5e6-705bc0f51023","7","CT","SetLastRechargeAmount","0.0.94.96.21.255","0","2"
"092ae1bd-1312-4402-8067-1cdeedc39ba4","7","CT","SetLastRechargeTime","0.0.94.96.22.255","0","2"
"c5599f97-a170-4790-a0e9-50d0ffa540b8","7","CT","SetLLSSecretMRChange","0.0.40.0.2.255","0","2"
"ebdab77f-b86d-48f2-a0eb-0230f6524745","7","CT","SetLoadCurtailmentIntervalTime","0.128.128.0.1.255","0","2"
"751173e6-3245-4f44-a32b-2b23f31e6e06","7","CT","SetLoadCurtailmentReconnectionAttempts","0.128.128.0.4.255","0","2"
"2f8ac20b-2f5f-4f84-867e-ea0b8adebb7a","7","CT","SetLoadLimit","0.0.17.0.0.255","0","2"
"4c8250d3-7a68-47e7-827c-715dab859fb8","7","CT","SetLoadLimitEmergency","0.0.17.0.0.255","0","2"
"c5a3b844-194b-453b-b886-2724aaf44cb8","7","CT","SetLockoutPeriod","0.128.128.0.3.255","0","2"
"d5fa8ad4-74ef-4cfb-a670-2361d076660b","7","CT","SetMaxNumberOfTOU","0.0.94.91.17.255","0","2"
"ef1295e0-1d81-488d-b0bf-144b9beac5c8","7","CT","SetMDReset","0.0.10.0.1.255","0","2"
"1f913bb1-aa2c-4d26-9a19-3483a2619aa6","7","CT","SetNetMeteringConfiguration","0.0.94.91.20.255","0","2"
"11ed474c-27ff-4d08-8c41-67f878e4cfb1","7","CT","SetNetMeteringMode","0.0.94.96.19.255","0","2"
"32b2d1bb-45dc-40b0-87f1-58ad52baf68c","7","CT","SetPassiveRelayTime","1.0.96.128.30.255","1","2"
"9176a2ce-0be5-4bcb-84df-219f89db7054","7","CT","SetPaymentMode","0.0.94.96.20.255","0","2"
"d9837d6b-95a0-455e-90a7-a0cffd443d71","7","CT","SetPrepaidBalance","0.0.94.96.24.255","0","2"
"cf5bbc4b-1a55-4248-b996-4fb675bd2017","7","CT","SetProfileCapturePeriod","1.0.0.8.4.255","0","2"
"4cbfb5e8-f591-42ed-9fa3-a80e976f2102","7","CT","SetRelayBit","0.128.128.0.9.255","0","2"
"9d4a3d04-a70c-4f3e-8c31-582653972f79","7","CT","SetRTC","0.0.1.0.0.255","0","2"
"ecb6d956-2e94-4986-b657-fc2205d09c8f","7","CT","SetSingleActionSchedule","0.0.15.0.0.255","0","2"
"ce96088b-11b7-4b0b-86a5-0458e06f4fd8","7","CT","SetTamperOccurrenceInterval","0.128.128.0.5.255","0","2"
"3fee7c84-afcf-4e92-8c76-308520372fc7","7","CT","SetTamperRestorationInterval","0.128.128.0.6.255","0","2"
"dfd1149b-8428-445e-ac33-cb31ac83522a","7","CT","SetTotalAmountAtLastRecharge","0.0.94.96.23.255","0","2"
"bfd44bcb-a3e0-4779-a554-2f1dfa1b8c7c","7","CT","SyncRTC","","0","2"
